epoch,time,train/box_loss,train/pose_loss,train/kobj_loss,train/cls_loss,train/dfl_loss,metrics/precision(B),metrics/recall(B),metrics/mAP50(B),metrics/mAP50-95(B),metrics/precision(P),metrics/recall(P),metrics/mAP50(P),metrics/mAP50-95(P),val/box_loss,val/pose_loss,val/kobj_loss,val/cls_loss,val/dfl_loss,lr/pg0,lr/pg1,lr/pg2
1,8.85957,1.88387,8.48693,0.72001,3.78309,2.1654,0.71359,0.16667,0.23832,0.1371,0,0,0,0,2.68354,8.25238,0.7768,5.63296,3.33656,0.08416,0.00016,0.00016
2,16.2881,1.33904,5.35256,0.45402,1.24796,1.41392,0.41566,0.33333,0.3049,0.09351,0.00433,0.33333,0.00323,0.00046,2.63694,8.57844,0.30112,8.1375,2.88912,0.06733,0.000329995,0.000329995
3,23.7321,1.31184,3.3751,0.39179,1.00339,1.39394,0.92485,0.16667,0.29599,0.08731,0.01626,0.16667,0.01222,0.00277,2.41407,5.78244,0.13228,3.77264,2.42234,0.0505,0.000499969,0.000499969
4,31.0016,1.35046,2.71818,0.4395,0.96734,1.42235,0,0,0,0,0,0,0,0,3.38285,8.26643,0.37991,6.66934,4.23257,0.0336699,0.000669908,0.000669908
5,38.3603,1.34806,2.83105,0.40183,0.9322,1.41556,0.35714,0.83333,0.59084,0.32825,0.00068,0.16667,0.00079,0.00023,1.3053,7.65236,0.06444,22.9086,1.55781,0.0168398,0.000839795,0.000839795
6,45.7015,1.33141,2.53546,0.38962,0.93229,1.38567,0.75595,0.83333,0.80742,0.46563,0.1667,0.5,0.14664,0.07267,1.19128,5.18763,0.07081,4.8986,1.94297,0.000999618,0.000999618,0.000999618
7,52.9011,1.37983,2.0288,0.36342,0.9319,1.45836,0.63236,0.66667,0.5996,0.32791,0.63236,0.66667,0.5996,0.3039,1.48194,2.90639,0.07387,4.78944,2.10552,0.00099945,0.00099945,0.00099945
8,60.1757,1.30552,1.83788,0.36288,0.86573,1.39423,1,0.63654,0.76231,0.49069,1,0.63654,0.77595,0.5334,1.19107,1.54274,0.08443,5.68686,1.48458,0.000999252,0.000999252,0.000999252
9,67.4469,1.26497,1.82366,0.35861,0.83103,1.36879,0.46554,0.83333,0.76843,0.46995,0.46554,0.83333,0.76843,0.25813,1.42844,2.03114,0.05795,8.63137,1.75965,0.000999023,0.000999023,0.000999023
10,74.9116,1.27218,1.57945,0.33999,0.77805,1.39038,0.82565,0.79491,0.78408,0.34474,0.82565,0.79491,0.84095,0.50931,2.06338,2.55299,0.1112,3.24147,2.38319,0.000998764,0.000998764,0.000998764
11,82.178,1.23248,1.52589,0.35,0.79317,1.33098,0.43199,0.5,0.6649,0.42612,0.59086,0.72713,0.77858,0.60352,1.2151,1.31564,0.06459,3.96274,1.4718,0.000998474,0.000998474,0.000998474
12,89.3777,1.23703,1.35551,0.33525,0.74877,1.30137,0.82074,0.77034,0.92667,0.66275,0.82074,0.77034,0.92667,0.68358,0.86933,1.21488,0.06088,3.81219,1.26243,0.000998154,0.000998154,0.000998154
13,96.6022,1.23876,1.17497,0.34908,0.79817,1.30944,0.95838,1,0.995,0.71946,0.95838,1,0.995,0.75693,0.83951,0.89596,0.06094,2.80066,1.20491,0.000997803,0.000997803,0.000997803
14,103.914,1.20391,1.45543,0.37294,0.79565,1.311,0.97929,1,0.995,0.73187,0.97929,1,0.995,0.74294,1.02853,1.09969,0.07245,1.05294,1.29624,0.000997422,0.000997422,0.000997422
15,111.097,1.27405,1.30365,0.36967,0.75857,1.33643,0.83832,1,0.97214,0.56775,0.83832,1,0.92357,0.49113,1.52389,2.07916,0.08395,1.19684,1.87761,0.000997011,0.000997011,0.000997011
16,118.302,1.19001,1.25506,0.32246,0.73973,1.31366,0.93891,1,0.995,0.71075,0.78133,0.83333,0.83167,0.52842,1.16661,1.94678,0.07084,1.1678,1.52217,0.000996569,0.000996569,0.000996569
17,125.526,1.23451,1.42013,0.36566,0.76202,1.3326,0.98732,1,0.995,0.77728,0.98732,1,0.995,0.81663,1.07118,1.47336,0.06174,1.2828,1.36552,0.000996097,0.000996097,0.000996097
18,132.741,1.15873,1.26512,0.34312,0.71252,1.30372,0.98498,1,0.995,0.77434,0.98498,1,0.995,0.80776,0.93847,0.89691,0.0615,0.86899,1.23706,0.000995594,0.000995594,0.000995594
19,139.923,1.21693,1.16154,0.3012,0.71424,1.3593,0.9751,1,0.995,0.8276,0.9751,1,0.995,0.85669,0.75804,0.69677,0.05381,1.0928,1.14842,0.000995062,0.000995062,0.000995062
20,147.653,1.23174,1.1403,0.29329,0.74083,1.34027,0.98037,1,0.995,0.78121,0.98037,1,0.995,0.78092,0.85667,1.23507,0.04537,1.01433,1.29066,0.000994499,0.000994499,0.000994499
21,155.121,1.17177,1.11092,0.28271,0.71263,1.30678,1,0.98275,0.995,0.6946,1,0.98275,0.995,0.79552,0.94098,0.8059,0.04193,1.11089,1.32811,0.000993906,0.000993906,0.000993906
22,162.314,1.17676,1.10324,0.29335,0.74775,1.27809,0.94734,1,0.995,0.84632,0.94734,1,0.995,0.88155,0.83834,0.66116,0.05199,0.85937,1.13937,0.000993282,0.000993282,0.000993282
23,169.348,1.17893,1.08322,0.27009,0.70918,1.30258,0.51569,0.16667,0.20809,0.03157,0.05625,0.16667,0.0412,0.01759,2.95307,5.73447,0.09938,3.2794,2.83851,0.000992629,0.000992629,0.000992629
24,176.591,1.13624,1.11589,0.23568,0.68808,1.26067,0.98136,0.83333,0.931,0.53009,0.98136,0.83333,0.931,0.82586,1.22847,0.8505,0.06537,1.01289,1.49726,0.000991946,0.000991946,0.000991946
25,183.834,1.18379,1.12056,0.25848,0.71566,1.31759,0.87173,1,0.995,0.79998,0.87173,1,0.995,0.83742,0.89895,0.8133,0.04212,1.01664,1.29463,0.000991232,0.000991232,0.000991232
26,191.375,1.13001,0.90876,0.22705,0.67964,1.29983,0.97804,1,0.995,0.77747,0.97804,1,0.995,0.8458,0.95415,0.66607,0.04115,0.99622,1.24397,0.000990489,0.000990489,0.000990489
27,198.637,1.1601,1.03726,0.25644,0.69484,1.30314,0.84979,1,0.94786,0.57428,0.84979,1,0.94786,0.84799,1.42892,1.39767,0.05842,1.32796,1.6423,0.000989715,0.000989715,0.000989715
28,205.776,1.14204,1.0606,0.21569,0.70282,1.26549,0.93415,1,0.995,0.81087,0.93415,1,0.995,0.84739,0.85488,0.79542,0.03673,1.50501,1.21073,0.000988912,0.000988912,0.000988912
29,212.846,1.18248,1.12703,0.25362,0.73341,1.26724,0.98182,1,0.995,0.81829,0.98182,1,0.995,0.85355,0.85883,0.59617,0.04223,0.98704,1.19487,0.000988079,0.000988079,0.000988079
30,219.877,1.13497,1.00902,0.218,0.68672,1.24317,1,0.99211,0.995,0.77314,1,0.99211,0.995,0.88931,0.74547,0.59377,0.04913,0.68995,1.15584,0.000987216,0.000987216,0.000987216
31,227.031,1.17228,0.83163,0.22408,0.64218,1.26391,0.96363,1,0.995,0.7856,0.96363,1,0.995,0.821,0.96628,0.69252,0.06305,0.87832,1.31795,0.000986323,0.000986323,0.000986323
32,234.138,1.1441,0.97174,0.22822,0.67021,1.28788,0.65599,1,0.91333,0.6613,0.65599,1,0.91333,0.81244,1.13808,0.79846,0.10392,1.01778,1.47239,0.000985401,0.000985401,0.000985401
33,241.405,1.05481,0.74411,0.21295,0.6505,1.23263,0.83799,1,0.97214,0.73026,0.83799,1,0.97214,0.92832,1.10829,0.70514,0.07551,1.02789,1.43305,0.000984449,0.000984449,0.000984449
34,248.951,1.11596,0.9146,0.19648,0.66086,1.25931,0.96789,0.83333,0.90357,0.71246,0.96789,0.83333,0.955,0.86319,0.78682,1.12257,0.04551,0.60775,1.17506,0.000983467,0.000983467,0.000983467
35,256.466,1.1122,0.84465,0.19855,0.65337,1.25718,0.82981,1,0.97214,0.7398,0.82981,1,0.97214,0.93169,0.84525,0.75645,0.03009,0.68086,1.18689,0.000982456,0.000982456,0.000982456
36,264,1.12044,0.78848,0.20426,0.64695,1.27525,0.93592,1,0.995,0.79487,0.93592,1,0.995,0.91917,0.79153,0.84035,0.03208,0.70424,1.18196,0.000981415,0.000981415,0.000981415
37,271.443,1.08897,0.76981,0.18688,0.63569,1.22456,0.98104,1,0.995,0.82125,0.98104,1,0.995,0.995,0.69888,0.31157,0.02556,0.53341,1.11336,0.000980345,0.000980345,0.000980345
38,278.624,1.02006,0.78138,0.17472,0.59902,1.17642,0.98048,1,0.995,0.78377,0.98048,1,0.995,0.9709,0.75857,0.33147,0.02462,0.6156,1.17222,0.000979246,0.000979246,0.000979246
39,285.692,1.11179,0.78226,0.20293,0.62665,1.22193,0.9468,1,0.995,0.82342,0.9468,1,0.995,0.92527,0.59276,0.39423,0.02364,0.89543,1.02366,0.000978118,0.000978118,0.000978118
40,292.859,1.05399,0.78042,0.20426,0.6229,1.23543,0.97283,1,0.995,0.87825,0.97283,1,0.995,0.995,0.66131,0.35952,0.03165,0.65577,1.07713,0.00097696,0.00097696,0.00097696
41,300.036,1.05568,0.84093,0.183,0.6266,1.22026,0.97056,1,0.995,0.83858,0.97056,1,0.995,0.92561,0.66015,0.40666,0.02903,0.68934,1.07654,0.000975773,0.000975773,0.000975773
42,307.345,1.05853,0.80918,0.18602,0.62271,1.20545,0.98907,1,0.995,0.89702,0.98907,1,0.995,0.93828,0.60188,0.31961,0.03066,0.50626,1.06216,0.000974557,0.000974557,0.000974557
43,314.772,1.02875,0.7298,0.18131,0.61596,1.20631,0.98903,1,0.995,0.8955,0.98903,1,0.995,0.97662,0.63909,0.37089,0.02713,0.52489,1.06906,0.000973312,0.000973312,0.000973312
44,321.91,1.07691,0.75462,0.16938,0.58926,1.21539,0.98242,1,0.995,0.89375,0.98242,1,0.995,0.92428,0.66481,0.38269,0.02628,0.46254,1.06731,0.000972039,0.000972039,0.000972039
45,329.132,1.0657,0.81757,0.19595,0.60169,1.24549,0.98222,1,0.995,0.86699,0.98222,1,0.995,0.96844,0.69679,0.44385,0.02951,0.47382,1.08419,0.000970736,0.000970736,0.000970736
46,336.422,1.00989,0.78663,0.17401,0.56301,1.1917,0.99072,1,0.995,0.8637,0.99072,1,0.995,0.9769,0.68496,0.25155,0.0252,0.43745,1.09144,0.000969405,0.000969405,0.000969405
47,343.942,1.03314,0.76168,0.16359,0.58608,1.22143,0.99021,1,0.995,0.8723,0.99021,1,0.995,0.89089,0.65192,0.44174,0.03063,0.41154,1.13813,0.000968045,0.000968045,0.000968045
48,351.268,1.03438,0.68647,0.15556,0.59724,1.21577,0.99082,1,0.995,0.92014,0.99082,1,0.995,0.94369,0.57382,0.26085,0.03528,0.38701,1.05099,0.000966656,0.000966656,0.000966656
49,358.628,1.06562,0.69191,0.14712,0.60945,1.24956,0.99035,1,0.995,0.80571,0.99035,1,0.995,0.92803,0.80715,0.29502,0.02644,0.47795,1.24722,0.000965239,0.000965239,0.000965239
50,365.709,1.03874,0.69502,0.16171,0.59316,1.2273,0.98842,1,0.995,0.79172,0.98842,1,0.995,0.94668,0.60087,0.23827,0.02717,0.50192,1.02739,0.000963794,0.000963794,0.000963794
51,373.184,1.00573,0.57307,0.17267,0.57486,1.19039,0.99063,1,0.995,0.90673,0.99063,1,0.995,0.90794,0.59374,0.38574,0.01892,0.4876,1.0095,0.00096232,0.00096232,0.00096232
52,380.411,1.03896,0.74812,0.153,0.60583,1.19312,0.97123,1,0.995,0.80342,0.97123,1,0.995,0.97099,0.69396,0.30502,0.01999,0.60389,1.05783,0.000960819,0.000960819,0.000960819
53,387.774,1.00765,0.65909,0.15339,0.58682,1.19137,0.97199,1,0.995,0.88521,0.97199,1,0.995,0.995,0.6641,0.24582,0.0173,0.68483,1.05416,0.000959289,0.000959289,0.000959289
54,395.107,0.97933,0.64406,0.15931,0.55916,1.1559,0.96572,1,0.995,0.87416,0.96572,1,0.995,0.968,0.58682,0.29553,0.01416,0.68637,1.07085,0.000957731,0.000957731,0.000957731
55,402.328,1.03192,0.68095,0.14226,0.57133,1.21815,0.98179,1,0.995,0.87967,0.98179,1,0.995,0.94011,0.56799,0.39081,0.01724,0.52356,1.02551,0.000956145,0.000956145,0.000956145
56,409.657,1.03672,0.65246,0.14094,0.60631,1.22155,0.98694,1,0.995,0.83987,0.98694,1,0.995,0.995,0.65697,0.31797,0.02561,0.55195,1.03733,0.000954531,0.000954531,0.000954531
57,416.9,1.00219,0.60324,0.14785,0.58004,1.16243,0.98143,1,0.995,0.87412,0.98143,1,0.995,0.94031,0.6797,0.26198,0.02505,0.49937,1.04605,0.000952889,0.000952889,0.000952889
58,424.32,0.94888,0.58241,0.13935,0.55698,1.16422,0.98674,1,0.995,0.79665,0.98674,1,0.995,0.88038,0.61548,0.36636,0.03554,0.52459,1.04902,0.00095122,0.00095122,0.00095122
59,431.971,0.97959,0.57516,0.13172,0.54889,1.18452,0.99106,1,0.995,0.79547,0.99106,1,0.995,0.97406,0.6345,0.24426,0.04056,0.57881,1.09131,0.000949524,0.000949524,0.000949524
60,439.799,0.98292,0.63139,0.1417,0.54519,1.17682,0.99044,1,0.995,0.86915,0.99044,1,0.995,0.95931,0.58921,0.27435,0.03774,0.42085,1.10128,0.0009478,0.0009478,0.0009478
61,447.058,0.98493,0.56201,0.14054,0.55606,1.18502,0.99101,1,0.995,0.86025,0.99101,1,0.995,0.995,0.57481,0.2097,0.02185,0.39962,1.06743,0.000946048,0.000946048,0.000946048
62,454.238,0.96574,0.67108,0.1631,0.558,1.16075,0.98905,1,0.995,0.80802,0.98905,1,0.995,0.95292,0.75171,0.42127,0.01412,0.36609,1.14106,0.00094427,0.00094427,0.00094427
63,461.363,0.95998,0.69579,0.12262,0.54168,1.16989,0.99088,1,0.995,0.81161,0.99088,1,0.995,0.94758,0.81584,0.26894,0.02055,0.43493,1.16298,0.000942464,0.000942464,0.000942464
64,468.43,0.98158,0.68198,0.13872,0.57812,1.19383,0.99128,1,0.995,0.90261,0.99128,1,0.995,0.995,0.51877,0.22207,0.01326,0.40779,1.00783,0.000940631,0.000940631,0.000940631
65,475.75,0.899,0.52773,0.13513,0.54214,1.15881,0.99155,1,0.995,0.90071,0.99155,1,0.995,0.995,0.50498,0.22192,0.01266,0.39724,1.00315,0.000938772,0.000938772,0.000938772
66,483.088,0.9678,0.57346,0.12309,0.54378,1.18768,0.99118,1,0.995,0.84694,0.99118,1,0.995,0.96601,0.67674,0.26145,0.02097,0.43949,1.11007,0.000936886,0.000936886,0.000936886
67,490.545,0.97542,0.58794,0.13397,0.5614,1.16968,0.96898,1,0.995,0.84586,0.96898,1,0.995,0.96867,0.62828,0.30848,0.01656,0.41474,1.07722,0.000934973,0.000934973,0.000934973
68,497.815,0.90347,0.53353,0.13556,0.52586,1.1449,0.98983,1,0.995,0.90195,0.98983,1,0.995,0.97159,0.56781,0.19536,0.01718,0.40229,1.0361,0.000933033,0.000933033,0.000933033
69,504.997,0.9539,0.60383,0.14165,0.54026,1.17539,0.98769,1,0.995,0.84222,0.98769,1,0.995,0.995,0.7026,0.23009,0.01571,0.46518,1.07148,0.000931067,0.000931067,0.000931067
70,512.366,0.93648,0.63475,0.13684,0.54481,1.16036,0.98858,1,0.995,0.80992,0.98858,1,0.995,0.97649,0.93281,0.31059,0.01456,0.55661,1.2133,0.000929075,0.000929075,0.000929075
71,519.384,0.84223,0.60837,0.14102,0.52218,1.11148,0.96428,1,0.995,0.87229,0.96428,1,0.995,0.96816,0.71155,0.3668,0.01431,0.52277,1.10338,0.000927057,0.000927057,0.000927057
72,526.63,0.89044,0.6553,0.1356,0.53075,1.10828,0.99083,1,0.995,0.87198,0.99083,1,0.995,0.94057,0.58768,0.29383,0.01543,0.3943,1.02823,0.000925013,0.000925013,0.000925013
73,533.77,0.90277,0.62157,0.14412,0.52805,1.12935,0.99125,1,0.995,0.87515,0.99125,1,0.995,0.92528,0.52769,0.33379,0.02238,0.41834,1.04321,0.000922942,0.000922942,0.000922942
74,541.045,0.85445,0.53664,0.12968,0.51971,1.12077,0.99149,1,0.995,0.87647,0.99149,1,0.995,0.96842,0.56249,0.22857,0.03008,0.33709,1.02997,0.000920846,0.000920846,0.000920846
75,548.215,0.79942,0.55839,0.13335,0.51102,1.07837,0.99155,1,0.995,0.91596,0.99155,1,0.995,0.995,0.50092,0.19944,0.02133,0.35444,1.02057,0.000918725,0.000918725,0.000918725
76,555.357,0.86672,0.52218,0.15535,0.52799,1.12361,0.97231,1,0.995,0.89297,0.97231,1,0.995,0.97668,0.51644,0.19927,0.01848,0.48167,0.98602,0.000916577,0.000916577,0.000916577
77,562.438,0.82445,0.49199,0.13082,0.48646,1.09526,0.98141,1,0.995,0.91098,0.98141,1,0.995,0.995,0.46619,0.22918,0.02167,0.44888,0.96775,0.000914405,0.000914405,0.000914405
78,569.475,0.7812,0.45637,0.11046,0.49012,1.04755,0.99096,1,0.995,0.81946,0.99096,1,0.995,0.94924,0.71222,0.30567,0.02165,0.41302,1.0733,0.000912207,0.000912207,0.000912207
79,576.67,0.835,0.60483,0.15002,0.51871,1.10695,0.98688,1,0.995,0.88122,0.98688,1,0.995,0.957,0.50483,0.30785,0.0214,0.43554,0.96049,0.000909984,0.000909984,0.000909984
80,583.96,0.8021,0.52395,0.11972,0.4781,1.0485,0.98856,1,0.995,0.93423,0.98856,1,0.995,0.995,0.48779,0.2708,0.02342,0.50523,0.96765,0.000907736,0.000907736,0.000907736
81,591.274,0.80226,0.59022,0.12026,0.50745,1.06973,0.99059,1,0.995,0.91134,0.99059,1,0.995,0.95264,0.48848,0.38571,0.02591,0.36373,0.97468,0.000905463,0.000905463,0.000905463
82,598.71,0.78269,0.52396,0.11298,0.48751,1.0633,0.9908,1,0.995,0.92955,0.9908,1,0.995,0.9378,0.48031,0.34193,0.02098,0.4482,0.99792,0.000903166,0.000903166,0.000903166
83,606.046,0.77646,0.56374,0.12834,0.49396,1.05266,0.99148,1,0.995,0.89753,0.99148,1,0.995,0.995,0.56903,0.45337,0.0221,0.47644,1.03774,0.000900844,0.000900844,0.000900844
84,613.397,0.79372,0.63983,0.12462,0.49866,1.07488,0.98996,1,0.995,0.87025,0.98996,1,0.995,0.97703,0.53115,0.30968,0.02852,0.42391,1.0358,0.000898497,0.000898497,0.000898497
85,620.63,0.76429,0.6513,0.12935,0.49145,1.06362,0.98841,1,0.995,0.8538,0.98841,1,0.995,0.995,0.56563,0.29042,0.02417,0.52009,1.05549,0.000896127,0.000896127,0.000896127
86,627.947,0.767,0.57003,0.12315,0.4855,1.0445,0.98956,1,0.995,0.88251,0.98956,1,0.995,0.995,0.55142,0.14548,0.0163,0.44429,1.02046,0.000893732,0.000893732,0.000893732
87,635.284,0.74003,0.51113,0.11789,0.46788,1.03919,0.99509,1,0.995,0.78431,0.99509,1,0.995,0.95772,0.92421,0.30639,0.02479,0.604,1.23834,0.000891313,0.000891313,0.000891313
88,642.446,0.75301,0.51078,0.13518,0.49373,1.03729,0.99099,1,0.995,0.89878,0.99099,1,0.995,0.995,0.55832,0.24803,0.02404,0.40519,0.9771,0.00088887,0.00088887,0.00088887
89,649.538,0.77313,0.50287,0.11264,0.4834,1.06251,0.99082,1,0.995,0.91592,0.99082,1,0.995,0.9773,0.49793,0.29546,0.03784,0.3484,0.97294,0.000886404,0.000886404,0.000886404
90,656.713,0.75657,0.54304,0.12293,0.48895,1.07851,0.99143,1,0.995,0.89072,0.99143,1,0.995,0.96723,0.47294,0.25664,0.02197,0.31864,0.99016,0.000883914,0.000883914,0.000883914
91,663.957,0.73585,0.42922,0.09095,0.46439,1.03823,0.9892,1,0.995,0.90495,0.9892,1,0.995,0.97733,0.52609,0.21201,0.01651,0.41193,1.00537,0.000881401,0.000881401,0.000881401
92,671.322,0.73586,0.52042,0.12025,0.47874,1.03607,0.98457,1,0.995,0.90086,0.98457,1,0.995,0.995,0.41878,0.21222,0.01446,0.41038,0.93313,0.000878864,0.000878864,0.000878864
93,678.646,0.72021,0.5057,0.12679,0.48365,1.01312,0.98886,1,0.995,0.95954,0.98886,1,0.995,0.995,0.36908,0.14991,0.01533,0.39463,0.91885,0.000876305,0.000876305,0.000876305
94,686.256,0.69972,0.40986,0.13277,0.45318,1.01445,0.99143,1,0.995,0.95645,0.99143,1,0.995,0.995,0.36434,0.17729,0.0163,0.32702,0.89777,0.000873723,0.000873723,0.000873723
95,693.473,0.70356,0.42676,0.10711,0.45825,1.02723,0.99138,1,0.995,0.93021,0.99138,1,0.995,0.96448,0.40284,0.45209,0.01636,0.41946,0.94484,0.000871117,0.000871117,0.000871117
96,700.632,0.72371,0.42134,0.10998,0.48515,1.04637,0.99075,1,0.995,0.9083,0.99075,1,0.995,0.995,0.55871,0.21988,0.01931,0.38258,1.00936,0.00086849,0.00086849,0.00086849
97,707.756,0.70041,0.39788,0.10176,0.46832,1.03592,0.98942,1,0.995,0.9124,0.98942,1,0.995,0.995,0.56911,0.19513,0.01493,0.36436,1.00188,0.000865839,0.000865839,0.000865839
98,715.229,0.71892,0.47583,0.119,0.47338,1.05718,0.98992,1,0.995,0.91848,0.98992,1,0.995,0.995,0.44608,0.18176,0.02348,0.33776,0.96093,0.000863167,0.000863167,0.000863167
99,722.782,0.68548,0.49097,0.10368,0.45103,1.03119,0.99053,1,0.995,0.9224,0.99053,1,0.995,0.995,0.42675,0.16669,0.02908,0.32215,0.95231,0.000860473,0.000860473,0.000860473
100,730.104,0.69608,0.54163,0.11082,0.47246,1.01977,0.99085,1,0.995,0.91326,0.99085,1,0.995,0.995,0.52225,0.20026,0.02382,0.40259,0.9731,0.000857756,0.000857756,0.000857756
101,737.426,0.67154,0.43843,0.12256,0.45645,1.02163,0.86589,1,0.995,0.93044,0.86589,1,0.995,0.9406,0.4345,0.28242,0.01823,0.41423,0.92779,0.000855018,0.000855018,0.000855018
102,744.818,0.70786,0.4635,0.1284,0.44785,1.03172,0.98998,1,0.995,0.88022,0.98998,1,0.995,0.96855,0.75933,0.22959,0.02679,0.43931,1.14165,0.000852258,0.000852258,0.000852258
103,752.033,0.71085,0.4279,0.1171,0.44319,1.04351,0.99001,1,0.995,0.91867,0.99001,1,0.995,0.995,0.43782,0.19267,0.03507,0.35865,0.95198,0.000849477,0.000849477,0.000849477
104,759.196,0.68488,0.46096,0.10526,0.44914,1.02771,0.99052,1,0.995,0.93793,0.99052,1,0.995,0.995,0.42533,0.14236,0.01545,0.33125,0.92323,0.000846674,0.000846674,0.000846674
105,766.52,0.68681,0.42673,0.10752,0.43507,1.0184,0.99036,1,0.995,0.8991,0.99036,1,0.995,0.977,0.43705,0.1857,0.0104,0.3108,0.96592,0.000843851,0.000843851,0.000843851
106,773.635,0.67796,0.38515,0.09631,0.43622,1.01633,0.99155,1,0.995,0.90326,0.99155,1,0.995,0.995,0.38765,0.16929,0.00939,0.34499,0.93486,0.000841006,0.000841006,0.000841006
107,780.949,0.7185,0.45119,0.10811,0.45921,1.05199,0.94366,1,0.995,0.8955,0.94366,1,0.995,0.995,0.52717,0.12866,0.00924,0.37709,0.98568,0.000838141,0.000838141,0.000838141
108,788.235,0.70122,0.4342,0.10263,0.47076,1.03092,0.99057,1,0.995,0.9596,0.99057,1,0.995,0.96569,0.42267,0.185,0.02391,0.3939,0.92336,0.000835255,0.000835255,0.000835255
109,795.603,0.70174,0.34045,0.11744,0.45129,1.01413,0.99118,1,0.995,0.94611,0.99118,1,0.995,0.995,0.4301,0.18407,0.02425,0.37436,0.93894,0.000832349,0.000832349,0.000832349
110,803.036,0.72832,0.4206,0.12504,0.46152,1.0296,0.98967,1,0.995,0.97378,0.98967,1,0.995,0.995,0.3486,0.1925,0.02394,0.35235,0.91493,0.000829423,0.000829423,0.000829423
111,810.286,0.68352,0.36158,0.11013,0.43602,1.00822,0.98995,1,0.995,0.93348,0.98995,1,0.995,0.995,0.38306,0.12588,0.02421,0.35721,0.91904,0.000826477,0.000826477,0.000826477
112,817.492,0.65743,0.35459,0.09777,0.4239,1.00571,0.98939,1,0.995,0.95695,0.98939,1,0.995,0.995,0.33583,0.16657,0.01473,0.33935,0.89788,0.000823511,0.000823511,0.000823511
113,824.666,0.61268,0.35451,0.08821,0.41845,0.96703,0.99053,1,0.995,0.9303,0.99053,1,0.995,0.995,0.46631,0.12737,0.00857,0.29522,0.94369,0.000820525,0.000820525,0.000820525
114,831.648,0.67494,0.41552,0.10121,0.44403,1.02008,0.99164,1,0.995,0.92844,0.99164,1,0.995,0.995,0.45121,0.10818,0.00921,0.29509,0.94032,0.00081752,0.00081752,0.00081752
115,838.609,0.67957,0.44937,0.11818,0.4491,1.03288,1,1,0.995,0.8955,1,1,0.995,0.97747,0.52312,0.18887,0.01645,0.31937,1.01926,0.000814495,0.000814495,0.000814495
116,845.784,0.6186,0.46752,0.09428,0.42,0.98955,0.99153,1,0.995,0.8955,0.99153,1,0.995,0.995,0.48863,0.1281,0.01672,0.349,1.00389,0.000811452,0.000811452,0.000811452
117,853.201,0.66053,0.35366,0.09847,0.42314,1.00281,0.9908,1,0.995,0.9048,0.9908,1,0.995,0.995,0.51287,0.14492,0.01543,0.3483,1.00389,0.000808389,0.000808389,0.000808389
118,860.361,0.63278,0.36547,0.10366,0.41899,1.00651,0.99175,1,0.995,0.8955,0.99175,1,0.995,0.995,0.49548,0.14096,0.01566,0.29331,0.96246,0.000805308,0.000805308,0.000805308
119,867.709,0.7342,0.39792,0.10256,0.45399,1.04527,0.99184,1,0.995,0.93476,0.99184,1,0.995,0.9841,0.43279,0.18335,0.02579,0.31085,0.92864,0.000802208,0.000802208,0.000802208
120,875.155,0.62349,0.31926,0.09695,0.41868,1.00691,0.99121,1,0.995,0.95652,0.99121,1,0.995,0.995,0.32919,0.1706,0.01942,0.29024,0.87708,0.00079909,0.00079909,0.00079909
121,882.342,0.6829,0.38791,0.11768,0.43751,1.00298,0.98644,1,0.995,0.90648,0.98644,1,0.995,0.995,0.52833,0.16618,0.0191,0.30084,0.97518,0.000795954,0.000795954,0.000795954
122,889.426,0.66323,0.36926,0.10382,0.43413,1.01327,0.98707,1,0.995,0.91501,0.98707,1,0.995,0.97982,0.44028,0.1859,0.01565,0.30525,0.94929,0.0007928,0.0007928,0.0007928
123,896.386,0.64135,0.34021,0.10953,0.41826,0.99652,0.99055,1,0.995,0.93954,0.99055,1,0.995,0.995,0.4103,0.14563,0.01712,0.31382,0.91368,0.000789628,0.000789628,0.000789628
124,903.528,0.66645,0.38513,0.10831,0.43513,1.01219,0.99127,1,0.995,0.9719,0.99127,1,0.995,0.995,0.31051,0.13078,0.01485,0.25667,0.88153,0.000786438,0.000786438,0.000786438
125,910.524,0.65929,0.44737,0.09061,0.43584,0.99983,0.99108,1,0.995,0.93972,0.99108,1,0.995,0.995,0.38912,0.13685,0.01181,0.26974,0.90945,0.000783231,0.000783231,0.000783231
126,917.71,0.66013,0.3832,0.12226,0.44241,1.02595,0.99142,1,0.995,0.97398,0.99142,1,0.995,0.995,0.35185,0.14224,0.01805,0.2627,0.90379,0.000780007,0.000780007,0.000780007
127,924.891,0.65611,0.46582,0.10225,0.42419,1.01467,0.99171,1,0.995,0.92513,0.99171,1,0.995,0.995,0.43853,0.13665,0.01652,0.29863,0.9265,0.000776766,0.000776766,0.000776766
128,932.117,0.63991,0.36547,0.09922,0.4033,0.99545,0.99033,1,0.995,0.80109,0.99033,1,0.995,0.94261,0.62127,0.28457,0.01892,0.44506,1.04828,0.000773509,0.000773509,0.000773509
129,939.276,0.60975,0.36191,0.10373,0.40092,0.98365,0.99076,1,0.995,0.89492,0.99076,1,0.995,0.995,0.48953,0.17225,0.01459,0.29915,0.96837,0.000770234,0.000770234,0.000770234
130,946.362,0.59602,0.37935,0.10007,0.3927,0.96295,0.9909,1,0.995,0.94663,0.9909,1,0.995,0.995,0.34172,0.11326,0.01723,0.3056,0.9034,0.000766944,0.000766944,0.000766944
131,953.657,0.59481,0.34162,0.08203,0.39819,0.95092,0.99085,1,0.995,0.95758,0.99085,1,0.995,0.995,0.36585,0.10831,0.01598,0.3236,0.91163,0.000763637,0.000763637,0.000763637
132,960.63,0.63955,0.33758,0.09581,0.40735,0.99022,0.99079,1,0.995,0.93358,0.99079,1,0.995,0.995,0.34302,0.14119,0.01095,0.30658,0.87955,0.000760314,0.000760314,0.000760314
133,967.711,0.64596,0.36106,0.10206,0.42375,0.99835,0.99141,1,0.995,0.96838,0.99141,1,0.995,0.995,0.36245,0.11348,0.01531,0.31073,0.8802,0.000756976,0.000756976,0.000756976
134,975.215,0.62753,0.28517,0.09938,0.40072,0.98143,0.99015,1,0.995,0.93251,0.99015,1,0.995,0.995,0.38764,0.14294,0.01609,0.28933,0.89094,0.000753621,0.000753621,0.000753621
135,982.523,0.638,0.34684,0.09259,0.41602,1.01078,0.98449,1,0.995,0.95189,0.98449,1,0.995,0.995,0.34564,0.12524,0.01162,0.33448,0.88748,0.000750252,0.000750252,0.000750252
136,990.078,0.59023,0.31622,0.08715,0.39402,0.95855,0.98284,1,0.995,0.97705,0.98284,1,0.995,0.995,0.34344,0.08743,0.00838,0.45216,0.88612,0.000746868,0.000746868,0.000746868
137,997.337,0.58538,0.32454,0.10127,0.41132,0.97384,0.98955,1,0.995,0.95406,0.98955,1,0.995,0.995,0.37655,0.14117,0.00887,0.2775,0.9009,0.000743468,0.000743468,0.000743468
138,1004.52,0.59041,0.34436,0.11406,0.39634,0.97706,0.99142,1,0.995,0.9541,0.99142,1,0.995,0.995,0.37789,0.13487,0.00635,0.27,0.90787,0.000740054,0.000740054,0.000740054
139,1011.43,0.6678,0.42196,0.11415,0.42734,0.99885,0.9915,1,0.995,0.8955,0.9915,1,0.995,0.995,0.56646,0.08361,0.01203,0.28632,1.0194,0.000736625,0.000736625,0.000736625
140,1018.55,0.66859,0.42664,0.09901,0.42211,1.004,0.99132,1,0.995,0.91331,0.99132,1,0.995,0.94322,0.49267,0.22692,0.02963,0.35342,0.94523,0.000733182,0.000733182,0.000733182
141,1025.62,0.59227,0.29997,0.08868,0.38713,0.95646,0.99191,1,0.995,0.94224,0.99191,1,0.995,0.995,0.39133,0.138,0.0189,0.3253,0.8986,0.000729725,0.000729725,0.000729725
142,1032.94,0.5912,0.28322,0.09819,0.37278,0.97897,0.9917,1,0.995,0.93939,0.9917,1,0.995,0.995,0.37214,0.08961,0.01465,0.27032,0.89752,0.000726254,0.000726254,0.000726254
143,1040.28,0.60412,0.40545,0.10156,0.38677,0.96564,0.98791,1,0.995,0.95444,0.98791,1,0.995,0.995,0.41311,0.14181,0.01441,0.30278,0.92605,0.00072277,0.00072277,0.00072277
144,1047.85,0.61472,0.41806,0.10898,0.4099,0.97575,0.99195,1,0.995,0.97573,0.99195,1,0.995,0.995,0.34079,0.12274,0.0158,0.25012,0.88889,0.000719272,0.000719272,0.000719272
145,1054.98,0.57673,0.31004,0.08021,0.37965,0.96493,0.9918,1,0.995,0.92535,0.9918,1,0.995,0.995,0.41903,0.12586,0.01052,0.27693,0.94085,0.000715761,0.000715761,0.000715761
146,1062.17,0.6042,0.3639,0.10584,0.39327,0.98797,0.99202,1,0.995,0.97916,0.99202,1,0.995,0.995,0.32449,0.14239,0.00945,0.26919,0.88914,0.000712237,0.000712237,0.000712237
147,1069.47,0.60448,0.31116,0.08763,0.40949,0.97416,0.99193,1,0.995,0.98155,0.99193,1,0.995,0.995,0.30858,0.08158,0.01222,0.24015,0.8729,0.0007087,0.0007087,0.0007087
148,1076.67,0.60477,0.33473,0.09117,0.38518,0.9785,0.99118,1,0.995,0.95493,0.99118,1,0.995,0.995,0.40056,0.09324,0.01072,0.2675,0.9045,0.00070515,0.00070515,0.00070515
149,1083.67,0.59929,0.38278,0.08858,0.40971,0.98729,0.9906,1,0.995,0.91932,0.9906,1,0.995,0.995,0.35553,0.13847,0.01167,0.27461,0.88833,0.000701588,0.000701588,0.000701588
150,1090.91,0.57433,0.36402,0.08716,0.39705,0.97866,0.99089,1,0.995,0.92159,0.99089,1,0.995,0.96855,0.37725,0.16983,0.00824,0.22928,0.9055,0.000698014,0.000698014,0.000698014
151,1098.08,0.53553,0.31978,0.08823,0.38274,0.94302,0.99146,1,0.995,0.92216,0.99146,1,0.995,0.995,0.37448,0.13267,0.00809,0.25784,0.90681,0.000694428,0.000694428,0.000694428
152,1105.42,0.57264,0.41389,0.09782,0.39177,0.95735,0.99173,1,0.995,0.94806,0.99173,1,0.995,0.995,0.39677,0.13114,0.00861,0.27547,0.89681,0.000690831,0.000690831,0.000690831
153,1112.6,0.5638,0.32461,0.09135,0.38831,0.95833,0.99086,1,0.995,0.9257,0.99086,1,0.995,0.995,0.43199,0.14,0.00803,0.30022,0.91996,0.000687222,0.000687222,0.000687222
154,1119.74,0.55194,0.30577,0.08337,0.38482,0.9504,0.99131,1,0.995,0.94034,0.99131,1,0.995,0.995,0.36612,0.11575,0.01029,0.26339,0.88855,0.000683601,0.000683601,0.000683601
155,1127,0.55426,0.26515,0.09084,0.37331,0.9535,0.99029,1,0.995,0.97159,0.99029,1,0.995,0.995,0.31379,0.11894,0.01902,0.28097,0.87554,0.00067997,0.00067997,0.00067997
156,1134.2,0.55522,0.25648,0.08057,0.38774,0.96891,0.98764,1,0.995,0.9467,0.98764,1,0.995,0.995,0.32839,0.10674,0.0166,0.3011,0.87249,0.000676328,0.000676328,0.000676328
157,1141.25,0.57008,0.29755,0.08915,0.38674,0.96778,0.99019,1,0.995,0.9582,0.99019,1,0.995,0.995,0.30487,0.12209,0.01589,0.26585,0.86918,0.000672675,0.000672675,0.000672675
158,1148.57,0.56605,0.2771,0.07871,0.37814,0.96256,0.9914,1,0.995,0.96006,0.9914,1,0.995,0.995,0.33141,0.11997,0.02351,0.23742,0.8778,0.000669012,0.000669012,0.000669012
159,1155.95,0.5997,0.3089,0.09592,0.38808,0.98197,0.99165,1,0.995,0.91913,0.99165,1,0.995,0.995,0.4011,0.13263,0.02684,0.28331,0.90659,0.000665339,0.000665339,0.000665339
160,1163.17,0.56614,0.31109,0.11379,0.38149,0.9688,0.99139,1,0.995,0.93488,0.99139,1,0.995,0.995,0.37941,0.16052,0.01938,0.25546,0.91165,0.000661656,0.000661656,0.000661656
161,1170.27,0.56586,0.29682,0.09235,0.37884,0.95355,0.99156,1,0.995,0.95406,0.99156,1,0.995,0.995,0.40194,0.11489,0.01374,0.24168,0.90974,0.000657963,0.000657963,0.000657963
162,1177.14,0.52532,0.28484,0.07621,0.36213,0.92994,0.98935,1,0.995,0.94278,0.98935,1,0.995,0.995,0.38796,0.13318,0.01251,0.2852,0.90658,0.000654261,0.000654261,0.000654261
163,1184.35,0.56229,0.32816,0.08681,0.36956,0.95313,0.9918,1,0.995,0.995,0.9918,1,0.995,0.995,0.35245,0.09235,0.01261,0.25795,0.88863,0.00065055,0.00065055,0.00065055
164,1191.59,0.56197,0.39994,0.09884,0.38635,0.9498,0.99186,1,0.995,0.90147,0.99186,1,0.995,0.995,0.41467,0.18007,0.0195,0.24821,0.93032,0.00064683,0.00064683,0.00064683
165,1198.65,0.53881,0.32487,0.08137,0.37983,0.96315,0.99182,1,0.995,0.96608,0.99182,1,0.995,0.995,0.36177,0.07463,0.00644,0.22859,0.88864,0.000643101,0.000643101,0.000643101
166,1205.76,0.54509,0.31869,0.0879,0.36732,0.94555,0.99205,1,0.995,0.94625,0.99205,1,0.995,0.995,0.41349,0.07916,0.00678,0.23307,0.91657,0.000639363,0.000639363,0.000639363
167,1213.14,0.5432,0.28035,0.08945,0.36711,0.9547,0.99193,1,0.995,0.995,0.99193,1,0.995,0.995,0.33619,0.13591,0.00817,0.23441,0.8739,0.000635617,0.000635617,0.000635617
168,1220.53,0.54987,0.3193,0.08035,0.36411,0.97043,0.99157,1,0.995,0.96114,0.99157,1,0.995,0.995,0.35834,0.08853,0.00831,0.253,0.87973,0.000631863,0.000631863,0.000631863
169,1227.59,0.57115,0.35973,0.09105,0.37357,0.96186,0.9909,1,0.995,0.88592,0.9909,1,0.995,0.995,0.52039,0.0926,0.01131,0.2825,0.99031,0.000628101,0.000628101,0.000628101
170,1234.83,0.53177,0.26974,0.07238,0.36365,0.94454,0.99019,1,0.995,0.92135,0.99019,1,0.995,0.995,0.42398,0.13158,0.01017,0.26844,0.92677,0.000624332,0.000624332,0.000624332
171,1242.06,0.5299,0.31954,0.09658,0.34964,0.92591,0.98889,1,0.995,0.93803,0.98889,1,0.995,0.995,0.33566,0.11192,0.01053,0.26014,0.88068,0.000620555,0.000620555,0.000620555
172,1248.95,0.55421,0.33914,0.10449,0.37052,0.94887,0.98875,1,0.995,0.97647,0.98875,1,0.995,0.995,0.36405,0.09018,0.01775,0.24888,0.90007,0.000616772,0.000616772,0.000616772
173,1256.01,0.52367,0.30338,0.09051,0.36731,0.94446,0.99015,1,0.995,0.94864,0.99015,1,0.995,0.995,0.34196,0.07597,0.01305,0.2544,0.88552,0.000612981,0.000612981,0.000612981
174,1262.91,0.50901,0.23685,0.0819,0.34521,0.91837,0.99035,1,0.995,0.95492,0.99035,1,0.995,0.995,0.34515,0.10792,0.00976,0.26098,0.89789,0.000609184,0.000609184,0.000609184
175,1269.93,0.58249,0.34728,0.09135,0.37504,0.95284,0.98883,1,0.995,0.94166,0.98883,1,0.995,0.995,0.39683,0.10515,0.00779,0.29817,0.93634,0.00060538,0.00060538,0.00060538
176,1277.03,0.56666,0.32212,0.09291,0.38236,0.95766,0.99161,1,0.995,0.96533,0.99161,1,0.995,0.995,0.36639,0.12446,0.01302,0.30937,0.89498,0.00060157,0.00060157,0.00060157
177,1284.15,0.58888,0.27653,0.08095,0.38197,0.9554,0.99177,1,0.995,0.96812,0.99177,1,0.995,0.995,0.36347,0.13616,0.01415,0.28767,0.88168,0.000597754,0.000597754,0.000597754
178,1291.1,0.54612,0.27764,0.07373,0.35388,0.94623,0.99184,1,0.995,0.94404,0.99184,1,0.995,0.995,0.33516,0.0973,0.01578,0.26719,0.88207,0.000593932,0.000593932,0.000593932
179,1298.13,0.5479,0.31487,0.08624,0.36825,0.95093,0.99189,1,0.995,0.96392,0.99189,1,0.995,0.995,0.37433,0.09989,0.01656,0.28032,0.89166,0.000590105,0.000590105,0.000590105
180,1305.19,0.5583,0.32352,0.08079,0.37592,0.95687,0.99182,1,0.995,0.92152,0.99182,1,0.995,0.995,0.37446,0.0984,0.01006,0.27568,0.90414,0.000586272,0.000586272,0.000586272
181,1312.2,0.56521,0.29396,0.09345,0.37429,0.94696,0.9919,1,0.995,0.97647,0.9919,1,0.995,0.97097,0.31825,0.14926,0.0145,0.25033,0.87204,0.000582435,0.000582435,0.000582435
182,1319.05,0.54279,0.26976,0.08541,0.37152,0.9497,0.9915,1,0.995,0.97479,0.9915,1,0.995,0.995,0.28474,0.10404,0.01335,0.24343,0.85402,0.000578593,0.000578593,0.000578593
183,1326.33,0.53139,0.24103,0.07665,0.35141,0.92891,0.99151,1,0.995,0.95992,0.99151,1,0.995,0.995,0.32331,0.06824,0.01854,0.26213,0.87252,0.000574746,0.000574746,0.000574746
184,1333.91,0.51142,0.30051,0.08624,0.35042,0.93937,0.99164,1,0.995,0.93079,0.99164,1,0.995,0.995,0.40771,0.08649,0.01484,0.28313,0.90327,0.000570895,0.000570895,0.000570895
185,1341.29,0.5034,0.2685,0.08157,0.35014,0.92445,0.99166,1,0.995,0.93866,0.99166,1,0.995,0.995,0.38781,0.06065,0.01916,0.29501,0.89791,0.00056704,0.00056704,0.00056704
186,1348.71,0.52685,0.3004,0.07312,0.35493,0.94116,0.99182,1,0.995,0.9536,0.99182,1,0.995,0.995,0.3458,0.09108,0.01479,0.27197,0.87799,0.000563181,0.000563181,0.000563181
187,1355.86,0.51421,0.22636,0.06687,0.34921,0.93297,0.99157,1,0.995,0.95304,0.99157,1,0.995,0.995,0.29953,0.11956,0.01289,0.2636,0.86972,0.000559318,0.000559318,0.000559318
188,1362.92,0.47824,0.24043,0.07044,0.33397,0.90509,0.99189,1,0.995,0.89969,0.99189,1,0.995,0.995,0.42736,0.22078,0.01558,0.27771,0.92629,0.000555453,0.000555453,0.000555453
189,1369.9,0.51031,0.21803,0.07346,0.33404,0.92073,0.99216,1,0.995,0.93994,0.99216,1,0.995,0.995,0.34402,0.07075,0.00797,0.22859,0.87293,0.000551584,0.000551584,0.000551584
190,1377.03,0.50428,0.26846,0.08051,0.34468,0.93022,0.99217,1,0.995,0.94448,0.99217,1,0.995,0.995,0.31143,0.07274,0.00843,0.20377,0.86993,0.000547712,0.000547712,0.000547712
191,1384.27,0.50903,0.26328,0.08453,0.34177,0.91953,0.99169,1,0.995,0.95907,0.99169,1,0.995,0.995,0.28051,0.07742,0.00728,0.19319,0.85046,0.000543837,0.000543837,0.000543837
192,1391.71,0.52941,0.23911,0.08449,0.35475,0.95269,0.99164,1,0.995,0.995,0.99164,1,0.995,0.995,0.29644,0.08844,0.00389,0.21749,0.8641,0.00053996,0.00053996,0.00053996
193,1399.33,0.50984,0.22448,0.07786,0.3493,0.92872,0.99178,1,0.995,0.995,0.99178,1,0.995,0.995,0.28655,0.08132,0.00611,0.21537,0.85875,0.000536081,0.000536081,0.000536081
194,1406.77,0.50374,0.27612,0.08895,0.3506,0.95619,0.99184,1,0.995,0.995,0.99184,1,0.995,0.995,0.27041,0.05976,0.00839,0.2354,0.85018,0.0005322,0.0005322,0.0005322
195,1414.12,0.53082,0.21964,0.07617,0.35874,0.94762,0.99174,1,0.995,0.97573,0.99174,1,0.995,0.995,0.29594,0.06207,0.00922,0.25622,0.86305,0.000528318,0.000528318,0.000528318
196,1421.11,0.5095,0.25304,0.09045,0.35488,0.9413,0.99162,1,0.995,0.94263,0.99162,1,0.995,0.995,0.37065,0.06101,0.01304,0.26804,0.90022,0.000524434,0.000524434,0.000524434
197,1428.14,0.53646,0.23532,0.08985,0.35702,0.93124,0.99172,1,0.995,0.90595,0.99172,1,0.995,0.995,0.4155,0.08163,0.0164,0.28892,0.93281,0.000520548,0.000520548,0.000520548
198,1435.33,0.50416,0.18709,0.07232,0.33737,0.94219,0.99169,1,0.995,0.91446,0.99169,1,0.995,0.995,0.38878,0.08613,0.01218,0.26834,0.92276,0.000516662,0.000516662,0.000516662
199,1442.57,0.53255,0.23861,0.07771,0.3437,0.94225,0.99195,1,0.995,0.94406,0.99195,1,0.995,0.995,0.35996,0.07362,0.0136,0.24007,0.90015,0.000512775,0.000512775,0.000512775
200,1449.59,0.50682,0.23566,0.06647,0.33716,0.93461,0.99205,1,0.995,0.98127,0.99205,1,0.995,0.995,0.26959,0.06446,0.01137,0.23042,0.8602,0.000508888,0.000508888,0.000508888
201,1456.88,0.51994,0.23658,0.07726,0.3389,0.93599,1,1,0.995,0.97747,1,1,0.995,0.995,0.30764,0.06334,0.01183,0.24889,0.86425,0.000505,0.000505,0.000505
202,1464.28,0.51986,0.2234,0.0786,0.34574,0.9539,1,1,0.995,0.9858,1,1,0.995,0.995,0.32352,0.06997,0.01284,0.21873,0.8668,0.000501112,0.000501112,0.000501112
203,1471.49,0.46701,0.19493,0.07414,0.32112,0.90271,1,1,0.995,0.9858,1,1,0.995,0.995,0.31305,0.11403,0.01429,0.23418,0.86275,0.000497225,0.000497225,0.000497225
204,1478.74,0.5076,0.24264,0.07299,0.3415,0.93361,1,1,0.995,0.94537,1,1,0.995,0.995,0.37795,0.07746,0.01167,0.25142,0.90163,0.000493338,0.000493338,0.000493338
205,1486.17,0.50858,0.23767,0.08092,0.32691,0.90576,1,1,0.995,0.92331,1,1,0.995,0.995,0.37119,0.07677,0.01208,0.2601,0.88793,0.000489452,0.000489452,0.000489452
206,1493.54,0.49984,0.23435,0.08149,0.33998,0.93303,1,1,0.995,0.96755,1,1,0.995,0.995,0.33897,0.08799,0.01093,0.26498,0.8831,0.000485566,0.000485566,0.000485566
207,1500.84,0.47911,0.21873,0.06996,0.32877,0.91006,1,1,0.995,0.98013,1,1,0.995,0.995,0.31409,0.06723,0.01378,0.23165,0.8765,0.000481682,0.000481682,0.000481682
208,1507.99,0.50989,0.22153,0.0686,0.34463,0.91796,1,1,0.995,0.96982,1,1,0.995,0.995,0.29432,0.07517,0.0119,0.20692,0.87641,0.0004778,0.0004778,0.0004778
209,1515.26,0.49257,0.15976,0.0732,0.33967,0.93383,0.99217,1,0.995,0.95593,0.99217,1,0.995,0.995,0.35045,0.07966,0.012,0.23108,0.88421,0.000473919,0.000473919,0.000473919
210,1522.4,0.50511,0.18158,0.06808,0.33856,0.91509,0.99214,1,0.995,0.97162,0.99214,1,0.995,0.995,0.30976,0.07464,0.01011,0.20322,0.87228,0.00047004,0.00047004,0.00047004
211,1529.57,0.50578,0.2109,0.07,0.33333,0.93157,0.99209,1,0.995,0.97162,0.99209,1,0.995,0.995,0.35706,0.05453,0.01043,0.20679,0.89194,0.000466163,0.000466163,0.000466163
212,1536.69,0.48641,0.21305,0.07818,0.3316,0.91983,0.99211,1,0.995,0.9565,0.99211,1,0.995,0.995,0.35802,0.07455,0.00535,0.20766,0.8895,0.000462288,0.000462288,0.000462288
213,1543.8,0.49563,0.19726,0.07279,0.33249,0.94636,0.99187,1,0.995,0.91452,0.99187,1,0.995,0.995,0.39044,0.05564,0.00552,0.25757,0.89963,0.000458416,0.000458416,0.000458416
214,1550.82,0.44792,0.18142,0.06659,0.30678,0.8983,0.99178,1,0.995,0.94738,0.99178,1,0.995,0.995,0.31197,0.04523,0.00678,0.24695,0.8723,0.000454547,0.000454547,0.000454547
215,1557.83,0.51109,0.23891,0.07899,0.34606,0.94174,0.99216,1,0.995,0.96701,0.99216,1,0.995,0.995,0.32923,0.07068,0.00968,0.24453,0.87833,0.000450682,0.000450682,0.000450682
216,1565,0.48565,0.20793,0.06468,0.32106,0.93188,0.99215,1,0.995,0.98483,0.99215,1,0.995,0.995,0.29396,0.0488,0.01027,0.22314,0.86887,0.000446819,0.000446819,0.000446819
217,1572.02,0.45996,0.1661,0.0663,0.30249,0.90401,0.99203,1,0.995,0.94953,0.99203,1,0.995,0.995,0.32502,0.06008,0.00912,0.23014,0.87597,0.00044296,0.00044296,0.00044296
218,1579.03,0.49731,0.18927,0.06557,0.34022,0.93004,0.99213,1,0.995,0.93836,0.99213,1,0.995,0.995,0.34799,0.06692,0.00806,0.22116,0.90363,0.000439105,0.000439105,0.000439105
219,1586.5,0.47814,0.18795,0.06707,0.32348,0.92335,0.99212,1,0.995,0.93285,0.99212,1,0.995,0.995,0.33863,0.0756,0.008,0.2366,0.88199,0.000435254,0.000435254,0.000435254
220,1593.87,0.46025,0.18946,0.06993,0.30939,0.91038,0.99216,1,0.995,0.995,0.99216,1,0.995,0.995,0.24041,0.05457,0.00543,0.19366,0.83345,0.000431407,0.000431407,0.000431407
221,1600.97,0.468,0.20144,0.06962,0.30745,0.92147,0.99218,1,0.995,0.995,0.99218,1,0.995,0.995,0.24103,0.08116,0.0102,0.18665,0.84135,0.000427565,0.000427565,0.000427565
222,1608.13,0.4567,0.19104,0.0651,0.31517,0.8995,0.99201,1,0.995,0.98483,0.99201,1,0.995,0.995,0.30655,0.07642,0.0098,0.22506,0.85233,0.000423728,0.000423728,0.000423728
223,1615.47,0.43935,0.1722,0.05447,0.30466,0.89632,0.992,1,0.995,0.982,0.992,1,0.995,0.995,0.32749,0.07088,0.00625,0.18938,0.87152,0.000419895,0.000419895,0.000419895
224,1622.67,0.44346,0.17457,0.05944,0.31779,0.89564,1,1,0.995,0.9593,1,1,0.995,0.995,0.3475,0.09029,0.00639,0.19599,0.89554,0.000416068,0.000416068,0.000416068
225,1629.89,0.45258,0.20027,0.07666,0.30971,0.90454,0.992,1,0.995,0.94219,0.992,1,0.995,0.995,0.31989,0.05897,0.00372,0.20717,0.87295,0.000412246,0.000412246,0.000412246
226,1637.18,0.4416,0.19555,0.06296,0.32154,0.90844,0.99198,1,0.995,0.995,0.99198,1,0.995,0.995,0.33867,0.07584,0.00389,0.22324,0.88434,0.00040843,0.00040843,0.00040843
227,1644.54,0.43348,0.18597,0.06156,0.29986,0.90942,0.99225,1,0.995,0.98483,0.99225,1,0.995,0.995,0.33149,0.05152,0.00562,0.26212,0.88604,0.00040462,0.00040462,0.00040462
228,1651.75,0.44089,0.21028,0.06455,0.31491,0.91222,0.9922,1,0.995,0.995,0.9922,1,0.995,0.995,0.27961,0.06335,0.0111,0.23312,0.87316,0.000400816,0.000400816,0.000400816
229,1659.1,0.42357,0.19387,0.06364,0.3016,0.90186,0.99214,1,0.995,0.97577,0.99214,1,0.995,0.995,0.28631,0.06558,0.01058,0.22277,0.87406,0.000397019,0.000397019,0.000397019
230,1666.56,0.44333,0.20621,0.05848,0.31712,0.91375,0.99206,1,0.995,0.96475,0.99206,1,0.995,0.995,0.30563,0.06163,0.01268,0.23369,0.87759,0.000393228,0.000393228,0.000393228
231,1673.86,0.44574,0.19341,0.05695,0.31215,0.89827,0.99211,1,0.995,0.94656,0.99211,1,0.995,0.995,0.35717,0.06789,0.01117,0.23126,0.87995,0.000389445,0.000389445,0.000389445
232,1680.97,0.42453,0.15651,0.07038,0.30098,0.89508,0.9921,1,0.995,0.95942,0.9921,1,0.995,0.995,0.34634,0.05643,0.01361,0.23068,0.87256,0.000385668,0.000385668,0.000385668
233,1688.32,0.43434,0.16654,0.06593,0.3071,0.90936,0.99217,1,0.995,0.96195,0.99217,1,0.995,0.995,0.35489,0.05113,0.0095,0.1983,0.88208,0.000381899,0.000381899,0.000381899
234,1695.51,0.45659,0.21178,0.07014,0.30812,0.90767,1,1,0.995,0.95135,1,1,0.995,0.995,0.35296,0.07554,0.01268,0.20136,0.89208,0.000378137,0.000378137,0.000378137
235,1702.94,0.43915,0.17984,0.06762,0.29889,0.90342,0.99219,1,0.995,0.94793,0.99219,1,0.995,0.995,0.31208,0.05711,0.00996,0.20974,0.87744,0.000374383,0.000374383,0.000374383
236,1710.3,0.43957,0.18,0.06555,0.30039,0.90078,1,1,0.995,0.98297,1,1,0.995,0.995,0.31958,0.05626,0.00899,0.21016,0.87995,0.000370637,0.000370637,0.000370637
237,1717.45,0.43346,0.1665,0.05937,0.30145,0.90463,1,1,0.995,0.95105,1,1,0.995,0.995,0.33904,0.06608,0.00987,0.21145,0.89054,0.000366899,0.000366899,0.000366899
238,1724.55,0.4254,0.16602,0.06411,0.29034,0.89534,0.99208,1,0.995,0.98271,0.99208,1,0.995,0.995,0.29722,0.07347,0.00651,0.20382,0.8636,0.00036317,0.00036317,0.00036317
239,1731.75,0.41465,0.14836,0.05337,0.28652,0.90115,0.9921,1,0.995,0.97787,0.9921,1,0.995,0.995,0.2877,0.06307,0.00834,0.21649,0.86479,0.00035945,0.00035945,0.00035945
240,1738.78,0.43942,0.1578,0.06817,0.29775,0.88935,0.99214,1,0.995,0.97843,0.99214,1,0.995,0.995,0.26151,0.0551,0.00578,0.19567,0.84882,0.000355739,0.000355739,0.000355739
241,1746.21,0.44477,0.18277,0.0614,0.30408,0.90317,1,1,0.995,0.995,1,1,0.995,0.995,0.25327,0.06403,0.00577,0.21359,0.84,0.000352037,0.000352037,0.000352037
242,1753.67,0.4452,0.18338,0.07884,0.29492,0.90386,1,1,0.995,0.98297,1,1,0.995,0.995,0.28144,0.04902,0.00773,0.21411,0.85072,0.000348344,0.000348344,0.000348344
243,1760.95,0.4221,0.1581,0.06354,0.29329,0.88944,1,1,0.995,0.933,1,1,0.995,0.995,0.33948,0.05563,0.01019,0.20007,0.89228,0.000344661,0.000344661,0.000344661
244,1768.19,0.42717,0.1576,0.06673,0.28854,0.89547,1,1,0.995,0.98297,1,1,0.995,0.995,0.27758,0.04682,0.00649,0.19481,0.85678,0.000340988,0.000340988,0.000340988
245,1775.47,0.46532,0.20935,0.06788,0.30849,0.91826,1,1,0.995,0.9858,1,1,0.995,0.995,0.27574,0.04799,0.00576,0.19591,0.84159,0.000337325,0.000337325,0.000337325
246,1782.71,0.43684,0.15811,0.07127,0.2998,0.90163,1,1,0.995,0.9858,1,1,0.995,0.995,0.26519,0.04306,0.00555,0.20458,0.84808,0.000333672,0.000333672,0.000333672
247,1789.95,0.4491,0.16123,0.06434,0.31069,0.9174,1,1,0.995,0.98297,1,1,0.995,0.995,0.2859,0.03842,0.00549,0.1961,0.86777,0.00033003,0.00033003,0.00033003
248,1797.34,0.42707,0.15948,0.06332,0.29425,0.88798,0.99207,1,0.995,0.95618,0.99207,1,0.995,0.995,0.40433,0.09569,0.01665,0.24471,0.92363,0.000326399,0.000326399,0.000326399
249,1804.63,0.43512,0.16412,0.06083,0.29466,0.89381,1,1,0.995,0.94018,1,1,0.995,0.995,0.37234,0.07351,0.01198,0.21393,0.90093,0.000322778,0.000322778,0.000322778
250,1811.8,0.42269,0.14307,0.06946,0.28807,0.89788,0.99215,1,0.995,0.97988,0.99215,1,0.995,0.995,0.30298,0.05949,0.00781,0.20169,0.86541,0.000319169,0.000319169,0.000319169
251,1819.05,0.42645,0.20001,0.07732,0.2954,0.90615,0.99225,1,0.995,0.95593,0.99225,1,0.995,0.995,0.28595,0.06915,0.00784,0.21286,0.86663,0.000315572,0.000315572,0.000315572
252,1826.27,0.41298,0.19266,0.06456,0.29523,0.89796,1,1,0.995,0.95375,1,1,0.995,0.995,0.31296,0.07271,0.00601,0.21326,0.88016,0.000311986,0.000311986,0.000311986
253,1833.63,0.42018,0.1427,0.05747,0.28231,0.8886,1,1,0.995,0.94537,1,1,0.995,0.995,0.29995,0.06316,0.00604,0.20368,0.86978,0.000308412,0.000308412,0.000308412
254,1840.91,0.41793,0.15431,0.06724,0.29085,0.90177,0.99203,1,0.995,0.95266,0.99203,1,0.995,0.995,0.37097,0.08009,0.0139,0.21939,0.90533,0.00030485,0.00030485,0.00030485
255,1848.38,0.41081,0.17108,0.06393,0.28053,0.88327,0.99227,1,0.995,0.95711,0.99227,1,0.995,0.995,0.35677,0.05595,0.01173,0.21922,0.88987,0.0003013,0.0003013,0.0003013
256,1855.56,0.44861,0.24244,0.07022,0.30428,0.92298,1,1,0.995,0.9858,1,1,0.995,0.995,0.30257,0.04153,0.00783,0.21799,0.85487,0.000297763,0.000297763,0.000297763
257,1862.88,0.44489,0.17559,0.07483,0.29748,0.8996,1,1,0.995,0.9858,1,1,0.995,0.995,0.30097,0.04897,0.00675,0.22092,0.86585,0.000294239,0.000294239,0.000294239
258,1870.26,0.44142,0.19754,0.06892,0.29461,0.89838,1,1,0.995,0.9858,1,1,0.995,0.995,0.31765,0.05275,0.00654,0.22413,0.87589,0.000290728,0.000290728,0.000290728
259,1877.44,0.43134,0.1869,0.07291,0.28638,0.90128,0.99223,1,0.995,0.98483,0.99223,1,0.995,0.995,0.25296,0.04588,0.00645,0.20551,0.83778,0.00028723,0.00028723,0.00028723
260,1884.64,0.39658,0.13981,0.0574,0.2687,0.86904,1,1,0.995,0.995,1,1,0.995,0.995,0.24813,0.03924,0.00645,0.18916,0.83459,0.000283746,0.000283746,0.000283746
261,1891.73,0.38996,0.11924,0.04825,0.26925,0.88298,1,1,0.995,0.96662,1,1,0.995,0.995,0.29339,0.05022,0.00703,0.18976,0.85258,0.000280275,0.000280275,0.000280275
262,1898.78,0.39897,0.17478,0.06957,0.2736,0.89441,0.9923,1,0.995,0.96381,0.9923,1,0.995,0.995,0.29033,0.04313,0.00761,0.1904,0.86005,0.000276818,0.000276818,0.000276818
263,1905.77,0.38341,0.13351,0.05746,0.27863,0.88443,1,1,0.995,0.995,1,1,0.995,0.995,0.26894,0.04679,0.00693,0.19898,0.84667,0.000273375,0.000273375,0.000273375
