timestamp,image_path,detector_type,class_name,class_id,confidence,bbox_x1,bbox_y1,bbox_x2,bbox_y2,mask_area
2025-07-28T22:09:37.908334,D:\Python\00雪橇打标\20250518\1073_20250518_012019.jpg,segmentation,dirt,0.0,0.6315059065818787,543.2392578125,554.8441772460938,659.1318359375,575.2399291992188,1760.0
2025-07-28T22:09:37.908334,D:\Python\00雪橇打标\20250518\1073_20250518_012019.jpg,segmentation,dirt,0.0,0.2923409640789032,423.537109375,437.76336669921875,440.2989501953125,448.1534423828125,145.0
2025-07-28T22:09:37.908334,D:\Python\00雪橇打标\20250518\1074_20250518_004047.jpg,segmentation,dirt,0.0,0.8629348874092102,475.97601318359375,565.6778564453125,694.9683227539062,602.3590087890625,4205.0
2025-07-28T22:09:37.908334,D:\Python\00雪橇打标\20250518\1074_20250518_004047.jpg,segmentation,dirt,0.0,0.3950778841972351,462.19476318359375,357.4739074707031,529.4141235351562,433.6417541503906,3552.0
2025-07-28T22:09:37.924012,D:\Python\00雪橇打标\20250518\1097_20250518_004557.jpg,segmentation,dirt,0.0,0.8302808403968811,415.95513916015625,434.2127685546875,481.82147216796875,467.8927001953125,1468.0
2025-07-28T22:09:37.924012,D:\Python\00雪橇打标\20250518\1097_20250518_004557.jpg,segmentation,dirt,0.0,0.4472540616989136,1017.346435546875,520.6181030273438,1098.614990234375,532.0758666992188,311.0
2025-07-28T22:09:37.924012,D:\Python\00雪橇打标\20250518\1097_20250518_004557.jpg,segmentation,dirt,0.0,0.4261030852794647,418.7450866699219,500.3818359375,427.9556579589844,520.633544921875,136.0
2025-07-28T22:09:37.924012,D:\Python\00雪橇打标\20250518\1097_20250518_004557.jpg,segmentation,dirt,0.0,0.3332272469997406,450.6829833984375,540.2686767578125,802.4471435546875,586.9114990234375,6288.0
2025-07-28T22:09:37.924012,D:\Python\00雪橇打标\20250518\1097_20250518_004557.jpg,segmentation,dirt,0.0,0.3324361741542816,476.72467041015625,402.89202880859375,527.7991333007812,420.17987060546875,584.0
2025-07-28T22:09:37.924012,D:\Python\00雪橇打标\20250518\1115_20250518_005948.jpg,segmentation,dirt,0.0,0.8132314682006836,452.7524108886719,569.8038940429688,493.6495056152344,590.1148071289062,577.0
2025-07-28T22:09:37.924012,D:\Python\00雪橇打标\20250518\1140_20250518_010221.jpg,segmentation,dirt,0.0,0.8965678811073303,399.8458557128906,428.5665283203125,852.6175537109375,597.732421875,58742.0
2025-07-28T22:09:37.924012,D:\Python\00雪橇打标\20250518\1140_20250518_010221.jpg,segmentation,dirt,0.0,0.5120461583137512,823.0029296875,431.13360595703125,845.1416015625,443.5355224609375,191.0
2025-07-28T22:09:37.924012,D:\Python\00雪橇打标\20250518\1140_20250518_010221.jpg,segmentation,dirt,0.0,0.29331034421920776,1062.341064453125,525.042724609375,1096.61181640625,535.33642578125,214.0
2025-07-28T22:09:37.939600,D:\Python\00雪橇打标\20250518\1185_20250518_010756.jpg,segmentation,dirt,0.0,0.44970938563346863,574.6265869140625,557.3121337890625,705.8399658203125,581.8363037109375,1843.0
2025-07-28T22:09:37.939600,D:\Python\00雪橇打标\20250518\1185_20250518_010756.jpg,segmentation,dirt,0.0,0.28967881202697754,600.611328125,557.9774169921875,705.9326171875,576.51318359375,1422.0
2025-07-28T22:09:37.939600,D:\Python\00雪橇打标\20250518\1197_20250518_010316.jpg,segmentation,dirt,0.0,0.7042070031166077,458.417236328125,449.44622802734375,489.49407958984375,472.99993896484375,578.0
2025-07-28T22:09:37.939600,D:\Python\00雪橇打标\20250518\1197_20250518_010316.jpg,segmentation,dirt,0.0,0.6761011481285095,428.8870849609375,427.91314697265625,462.8648681640625,447.20440673828125,470.0
2025-07-28T22:09:37.939600,D:\Python\00雪橇打标\20250518\1197_20250518_010316.jpg,segmentation,dirt,0.0,0.468090683221817,661.8836669921875,401.63641357421875,675.4307861328125,423.46990966796875,206.0
2025-07-28T22:09:37.939600,D:\Python\00雪橇打标\20250518\1197_20250518_010316.jpg,segmentation,dirt,0.0,0.3482106029987335,1073.6458740234375,529.171142578125,1130.8031005859375,538.038818359375,242.0
2025-07-28T22:09:37.939600,D:\Python\00雪橇打标\20250518\1197_20250518_010316.jpg,segmentation,dirt,0.0,0.33667802810668945,418.7054138183594,528.95751953125,460.3323669433594,579.4312744140625,917.0
2025-07-28T22:09:37.939600,D:\Python\00雪橇打标\20250518\1197_20250518_010316.jpg,segmentation,dirt,0.0,0.31879350543022156,453.75030517578125,477.6620788574219,483.55633544921875,586.513671875,2083.0
2025-07-28T22:09:37.939600,D:\Python\00雪橇打标\20250518\1197_20250518_010316.jpg,segmentation,dirt,0.0,0.27231910824775696,426.59136962890625,428.18109130859375,463.1673583984375,453.88616943359375,658.0
2025-07-28T22:09:37.939600,D:\Python\00雪橇打标\20250518\1200_20250518_002341.jpg,segmentation,dirt,0.0,0.37690469622612,471.6317138671875,572.232177734375,666.61669921875,603.30908203125,3449.0
2025-07-28T22:09:37.939600,D:\Python\00雪橇打标\20250518\1200_20250518_002341.jpg,segmentation,dirt,0.0,0.354557067155838,461.4093322753906,549.2620849609375,926.9036865234375,606.0001220703125,8090.0
2025-07-28T22:09:37.939600,D:\Python\00雪橇打标\20250518\1200_20250518_002341.jpg,segmentation,dirt,0.0,0.3067530393600464,466.30047607421875,556.9024658203125,816.1027221679688,604.7557373046875,6607.0
2025-07-28T22:09:37.955225,D:\Python\00雪橇打标\20250518\1201_20250518_004800.jpg,segmentation,dirt,0.0,0.8544484972953796,482.203125,568.7315673828125,695.40771484375,602.7432861328125,3681.0
2025-07-28T22:09:37.955225,D:\Python\00雪橇打标\20250518\1201_20250518_004800.jpg,segmentation,dirt,0.0,0.8154463768005371,1097.4920654296875,518.8593139648438,1188.8699951171875,551.0949096679688,1739.0
2025-07-28T22:09:37.955225,D:\Python\00雪橇打标\20250518\1245_20250518_010841.jpg,segmentation,dirt,0.0,0.6731024384498596,554.346923828125,436.08551025390625,595.212646484375,465.81842041015625,779.0
2025-07-28T22:09:37.955225,D:\Python\00雪橇打标\20250518\1245_20250518_010841.jpg,segmentation,dirt,0.0,0.6195720434188843,406.4472961425781,414.0877685546875,450.8746643066406,447.432373046875,1154.0
2025-07-28T22:09:37.955225,D:\Python\00雪橇打标\20250518\1245_20250518_010841.jpg,segmentation,dirt,0.0,0.566862940788269,448.2149353027344,351.9554443359375,480.8359680175781,376.8167724609375,664.0
2025-07-28T22:09:37.955225,D:\Python\00雪橇打标\20250518\1245_20250518_010841.jpg,segmentation,dirt,0.0,0.5636013746261597,1112.55810546875,521.3475341796875,1143.27099609375,536.0999755859375,310.0
2025-07-28T22:09:37.955225,D:\Python\00雪橇打标\20250518\1245_20250518_010841.jpg,segmentation,dirt,0.0,0.5600929260253906,1030.71923828125,522.22265625,1108.7587890625,533.61328125,376.0
2025-07-28T22:09:37.955225,D:\Python\00雪橇打标\20250518\1245_20250518_010841.jpg,segmentation,dirt,0.0,0.47837239503860474,439.6474914550781,539.7548828125,826.6982421875,597.5733642578125,8272.0
2025-07-28T22:09:37.955225,D:\Python\00雪橇打标\20250518\1245_20250518_010841.jpg,segmentation,dirt,0.0,0.43834805488586426,430.9774169921875,532.1661376953125,932.5572509765625,599.0885009765625,9939.0
2025-07-28T22:09:37.955225,D:\Python\00雪橇打标\20250518\1245_20250518_010841.jpg,segmentation,dirt,0.0,0.41557180881500244,447.23455810546875,436.09588623046875,492.99090576171875,487.30810546875,1662.0
2025-07-28T22:09:37.955225,D:\Python\00雪橇打标\20250518\1245_20250518_010841.jpg,segmentation,dirt,0.0,0.39728203415870667,579.6098022460938,367.98468017578125,593.8262329101562,387.52362060546875,249.0
2025-07-28T22:09:37.955225,D:\Python\00雪橇打标\20250518\1245_20250518_010841.jpg,segmentation,dirt,0.0,0.334067165851593,673.1241455078125,443.002197265625,694.8770751953125,453.620849609375,161.0
2025-07-28T22:09:37.955225,D:\Python\00雪橇打标\20250518\1245_20250518_010841.jpg,segmentation,dirt,0.0,0.29972755908966064,1096.396728515625,520.8259887695312,1143.336181640625,536.0133666992188,445.0
2025-07-28T22:09:37.970884,D:\Python\00雪橇打标\20250518\1254_20250518_002257.jpg,segmentation,dirt,0.0,0.7547376751899719,444.9906005859375,353.323974609375,518.7933959960938,423.321533203125,4210.0
2025-07-28T22:09:37.970884,D:\Python\00雪橇打标\20250518\1254_20250518_002257.jpg,segmentation,dirt,0.0,0.7162920832633972,421.6923828125,427.6592102050781,858.8260498046875,591.46240234375,50817.0
2025-07-28T22:09:37.970884,D:\Python\00雪橇打标\20250518\1254_20250518_002257.jpg,segmentation,dirt,0.0,0.3548758625984192,567.9012451171875,442.3604736328125,603.4901123046875,456.87469482421875,441.0
2025-07-28T22:09:37.970884,D:\Python\00雪橇打标\20250518\1254_20250518_002257.jpg,segmentation,dirt,0.0,0.29827916622161865,828.2195434570312,475.9903564453125,867.2835083007812,531.11962890625,972.0
2025-07-28T22:09:37.970884,D:\Python\00雪橇打标\20250518\1254_20250518_002257.jpg,segmentation,dirt,0.0,0.279452383518219,589.10205078125,520.9229736328125,616.496337890625,560.4500732421875,756.0
2025-07-28T22:09:37.970884,D:\Python\00雪橇打标\20250518\1324_20250518_001728.jpg,segmentation,dirt,0.0,0.37389442324638367,407.7750244140625,447.29058837890625,450.21630859375,579.1213989257812,4182.0
2025-07-28T22:09:37.970884,D:\Python\00雪橇打标\20250518\1324_20250518_001728.jpg,segmentation,dirt,0.0,0.3488575518131256,434.5511474609375,319.4865417480469,565.03515625,370.4595642089844,2993.0
2025-07-28T22:09:37.970884,D:\Python\00雪橇打标\20250518\1324_20250518_001728.jpg,segmentation,dirt,0.0,0.32653912901878357,446.79559326171875,446.657470703125,476.449951171875,589.4747314453125,3448.0
2025-07-28T22:09:37.970884,D:\Python\00雪橇打标\20250518\1324_20250518_001728.jpg,segmentation,dirt,0.0,0.25853249430656433,408.5102233886719,521.13671875,448.5533752441406,578.595458984375,1136.0
2025-07-28T22:09:37.986474,D:\Python\00雪橇打标\20250518\1334_20250518_010400.jpg,segmentation,dirt,0.0,0.8348025679588318,405.25970458984375,403.64483642578125,448.14617919921875,453.72235107421875,1549.0
2025-07-28T22:09:37.986474,D:\Python\00雪橇打标\20250518\1334_20250518_010400.jpg,segmentation,dirt,0.0,0.6908106803894043,451.5242614746094,545.9835205078125,773.8919677734375,593.0347900390625,6093.0
2025-07-28T22:09:37.986474,D:\Python\00雪橇打标\20250518\1334_20250518_010400.jpg,segmentation,dirt,0.0,0.6892796754837036,1037.29931640625,514.9473876953125,1096.8505859375,531.9798583984375,575.0
2025-07-28T22:09:37.986474,D:\Python\00雪橇打标\20250518\1334_20250518_010400.jpg,segmentation,dirt,0.0,0.5304510593414307,761.3948364257812,424.9029235839844,790.7244262695312,438.9080505371094,209.0
2025-07-28T22:09:37.986474,D:\Python\00雪橇打标\20250518\1334_20250518_010400.jpg,segmentation,dirt,0.0,0.3623853325843811,570.0165405273438,440.9818115234375,603.4625854492188,451.3551025390625,252.0
2025-07-28T22:09:37.986474,D:\Python\00雪橇打标\20250518\1334_20250518_010400.jpg,segmentation,dirt,0.0,0.29567962884902954,437.4102783203125,454.10797119140625,465.215576171875,481.89862060546875,674.0
2025-07-28T22:09:37.986474,D:\Python\00雪橇打标\20250518\1334_20250518_010400.jpg,segmentation,dirt,0.0,0.2557336091995239,725.1448974609375,439.65325927734375,736.3065185546875,453.67877197265625,115.0
2025-07-28T22:09:37.986474,D:\Python\00雪橇打标\20250518\1334_20250518_010400.jpg,segmentation,dirt,0.0,0.2501680552959442,761.424560546875,426.20660400390625,794.7366943359375,448.63897705078125,377.0
2025-07-28T22:09:37.986474,D:\Python\00雪橇打标\20250518\1349_20250518_003249.jpg,segmentation,dirt,0.0,0.5573170781135559,1049.191162109375,522.1573486328125,1103.3857421875,532.8756103515625,323.0
2025-07-28T22:09:37.986474,D:\Python\00雪橇打标\20250518\1349_20250518_003249.jpg,segmentation,dirt,0.0,0.3555077612400055,490.1529541015625,563.613525390625,671.6173095703125,596.823486328125,2186.0
2025-07-28T22:09:37.986474,D:\Python\00雪橇打标\20250518\1349_20250518_003249.jpg,segmentation,dirt,0.0,0.3393059968948364,424.6610412597656,533.8363037109375,460.9216003417969,576.1448974609375,942.0
2025-07-28T22:09:38.002099,D:\Python\00雪橇打标\20250518\1352_20250518_014156.jpg,segmentation,dirt,0.0,0.7636079788208008,473.2808837890625,572.9686889648438,517.72412109375,599.8672485351562,869.0
2025-07-28T22:09:38.002099,D:\Python\00雪橇打标\20250518\1352_20250518_014156.jpg,segmentation,dirt,0.0,0.695500373840332,417.30810546875,441.8585205078125,515.8472900390625,593.6236572265625,9713.0
2025-07-28T22:09:38.002099,D:\Python\00雪橇打标\20250518\1352_20250518_014156.jpg,segmentation,dirt,0.0,0.6445131897926331,638.5441284179688,551.33544921875,733.1605834960938,579.2840576171875,2117.0
2025-07-28T22:09:38.002099,D:\Python\00雪橇打标\20250518\1352_20250518_014156.jpg,segmentation,dirt,0.0,0.2852862775325775,454.304443359375,450.92999267578125,484.13671875,476.92437744140625,610.0
2025-07-28T22:09:38.005616,D:\Python\00雪橇打标\20250518\1378_20250518_000606.jpg,segmentation,dirt,0.0,0.7559912800788879,459.45245361328125,544.9003295898438,818.2116088867188,596.9880981445312,6870.0
2025-07-28T22:09:38.005616,D:\Python\00雪橇打标\20250518\1378_20250518_000606.jpg,segmentation,dirt,0.0,0.38231056928634644,470.39483642578125,478.881103515625,500.15350341796875,503.2900390625,514.0
2025-07-28T22:09:38.005616,D:\Python\00雪橇打标\20250518\1378_20250518_000606.jpg,segmentation,dirt,0.0,0.27589163184165955,480.330810546875,481.2255859375,500.74951171875,515.0858154296875,434.0
2025-07-28T22:09:38.005616,D:\Python\00雪橇打标\20250518\1378_20250518_000606.jpg,segmentation,dirt,0.0,0.27257242798805237,453.05291748046875,478.5166015625,478.99151611328125,579.59130859375,1871.0
2025-07-28T22:09:38.005616,D:\Python\00雪橇打标\20250518\1378_20250518_000606.jpg,segmentation,dirt,0.0,0.2670222520828247,593.163330078125,443.810791015625,623.508056640625,451.1192626953125,215.0
2025-07-28T22:09:38.005616,D:\Python\00雪橇打标\20250518\1378_20250518_000606.jpg,segmentation,dirt,0.0,0.2544712424278259,1258.276611328125,407.4035339355469,1279.229248046875,425.8731994628906,230.0
2025-07-28T22:09:38.005616,D:\Python\00雪橇打标\20250518\1388_20250518_002949.jpg,segmentation,dirt,0.0,0.632319450378418,435.4408874511719,442.224365234375,463.9387512207031,484.842041015625,883.0
2025-07-28T22:09:38.005616,D:\Python\00雪橇打标\20250518\1388_20250518_002949.jpg,segmentation,dirt,0.0,0.4542768895626068,1067.0826416015625,521.4408569335938,1112.4608154296875,530.2971801757812,212.0
2025-07-28T22:09:38.018136,D:\Python\00雪橇打标\20250518\1414_20250518_001838.jpg,segmentation,dirt,0.0,0.8608109354972839,413.08197021484375,409.7989807128906,451.08258056640625,445.7083435058594,908.0
2025-07-28T22:09:38.018136,D:\Python\00雪橇打标\20250518\1414_20250518_001838.jpg,segmentation,dirt,0.0,0.7625768780708313,1052.2939453125,510.611083984375,1211.580078125,541.930908203125,2700.0
2025-07-28T22:09:38.018136,D:\Python\00雪橇打标\20250518\1414_20250518_001838.jpg,segmentation,dirt,0.0,0.5749055743217468,469.2675476074219,552.5098266601562,754.2958984375,601.0049438476562,5773.0
2025-07-28T22:09:38.018136,D:\Python\00雪橇打标\20250518\1414_20250518_001838.jpg,segmentation,dirt,0.0,0.574480414390564,578.2095947265625,428.0313720703125,595.3619384765625,440.7645263671875,151.0
2025-07-28T22:09:38.018136,D:\Python\00雪橇打标\20250518\1414_20250518_001838.jpg,segmentation,dirt,0.0,0.5723954439163208,538.5473022460938,443.5101623535156,558.9620971679688,457.7895202636719,202.0
2025-07-28T22:09:38.018136,D:\Python\00雪橇打标\20250518\1414_20250518_001838.jpg,segmentation,dirt,0.0,0.2925192415714264,428.4140930175781,536.8623046875,892.8193359375,601.048583984375,9570.0
2025-07-28T22:09:38.018136,D:\Python\00雪橇打标\20250518\1414_20250518_001838.jpg,segmentation,dirt,0.0,0.26656025648117065,796.476806640625,435.75714111328125,817.87158203125,444.77777099609375,166.0
2025-07-28T22:09:38.018136,D:\Python\00雪橇打标\20250518\1435_20250518_003344.jpg,segmentation,dirt,0.0,0.6682558655738831,422.44512939453125,423.2410888671875,486.44952392578125,474.752197265625,1989.0
2025-07-28T22:09:38.018136,D:\Python\00雪橇打标\20250518\1435_20250518_003344.jpg,segmentation,dirt,0.0,0.2899906635284424,498.76837158203125,546.1044311523438,848.7695922851562,586.1915893554688,5993.0
2025-07-28T22:09:38.018136,D:\Python\00雪橇打标\20250518\1435_20250518_003344.jpg,segmentation,dirt,0.0,0.28286030888557434,492.2441711425781,535.515625,954.099365234375,587.862548828125,7661.0
2025-07-28T22:09:38.018136,D:\Python\00雪橇打标\20250518\1445_20250518_004325.jpg,segmentation,dirt,0.0,0.8766737580299377,424.42388916015625,423.5074157714844,498.36151123046875,477.0494079589844,3098.0
2025-07-28T22:09:38.018136,D:\Python\00雪橇打标\20250518\1445_20250518_004325.jpg,segmentation,dirt,0.0,0.5978806614875793,444.72900390625,315.61468505859375,565.468505859375,374.38916015625,2512.0
2025-07-28T22:09:38.018136,D:\Python\00雪橇打标\20250518\1445_20250518_004325.jpg,segmentation,dirt,0.0,0.5797430276870728,474.0057678222656,554.1179809570312,790.8402099609375,599.2333374023438,5311.0
2025-07-28T22:09:38.018136,D:\Python\00雪橇打标\20250518\1445_20250518_004325.jpg,segmentation,dirt,0.0,0.41914844512939453,456.556396484375,471.72381591796875,503.5833740234375,587.4566040039062,2756.0
2025-07-28T22:09:38.018136,D:\Python\00雪橇打标\20250518\1445_20250518_004325.jpg,segmentation,dirt,0.0,0.29190656542778015,422.01934814453125,534.2415771484375,471.33050537109375,591.5504150390625,1130.0
2025-07-28T22:09:38.034469,D:\Python\00雪橇打标\20250518\1463_20250518_011019.jpg,segmentation,dirt,0.0,0.4301852881908417,451.2232360839844,450.522216796875,479.5332946777344,583.671875,2777.0
2025-07-28T22:09:38.034469,D:\Python\00雪橇打标\20250518\1463_20250518_011019.jpg,segmentation,dirt,0.0,0.33419474959373474,636.2467651367188,424.718994140625,656.0807495117188,441.96044921875,256.0
2025-07-28T22:09:38.034469,D:\Python\00雪橇打标\20250518\1463_20250518_011019.jpg,segmentation,dirt,0.0,0.3299022912979126,1061.78515625,521.7437133789062,1099.84228515625,529.9966430664062,119.0
2025-07-28T22:09:38.034469,D:\Python\00雪橇打标\20250518\1463_20250518_011019.jpg,segmentation,dirt,0.0,0.2577420473098755,467.9881896972656,554.0880126953125,681.6326904296875,590.6492919921875,4924.0
2025-07-28T22:09:38.049555,D:\Python\00雪橇打标\20250518\1493_20250518_014333.jpg,segmentation,dirt,0.0,0.7302632331848145,536.761962890625,564.9970092773438,666.384765625,584.3807983398438,1579.0
2025-07-28T22:09:38.049555,D:\Python\00雪橇打标\20250518\1493_20250518_014333.jpg,segmentation,dirt,0.0,0.6600466370582581,432.7114562988281,442.9241943359375,453.4971618652344,466.3026123046875,315.0
2025-07-28T22:09:38.049555,D:\Python\00雪橇打标\20250518\1493_20250518_014333.jpg,segmentation,dirt,0.0,0.37992265820503235,465.96160888671875,389.1328125,555.1060180664062,426.37841796875,1016.0
2025-07-28T22:09:38.049555,D:\Python\00雪橇打标\20250518\1554_20250518_002133.jpg,segmentation,dirt,0.0,0.6754293441772461,405.3988037109375,434.0009765625,772.2412109375,599.705322265625,48581.0
2025-07-28T22:09:38.049555,D:\Python\00雪橇打标\20250518\1554_20250518_002133.jpg,segmentation,dirt,0.0,0.5653602480888367,1022.8689575195312,518.08984375,1113.211181640625,533.9947509765625,747.0
2025-07-28T22:09:38.049555,D:\Python\00雪橇打标\20250518\1554_20250518_002133.jpg,segmentation,dirt,0.0,0.49422380328178406,1022.3486328125,518.10205078125,1156.875,533.5740966796875,1062.0
2025-07-28T22:09:38.049555,D:\Python\00雪橇打标\20250518\1554_20250518_002133.jpg,segmentation,dirt,0.0,0.3494809567928314,441.9520263671875,367.3981628417969,554.0098876953125,453.4378967285156,6524.0
2025-07-28T22:09:38.049555,D:\Python\00雪橇打标\20250518\1554_20250518_002133.jpg,segmentation,dirt,0.0,0.27450868487358093,560.7950439453125,369.92559814453125,628.8948974609375,448.80426025390625,5044.0
2025-07-28T22:09:38.065272,D:\Python\00雪橇打标\20250518\1567_20250518_001036.jpg,segmentation,dirt,0.0,0.6977999806404114,1117.9375,518.2630004882812,1159.861328125,534.5358276367188,381.0
2025-07-28T22:09:38.065272,D:\Python\00雪橇打标\20250518\1567_20250518_001036.jpg,segmentation,dirt,0.0,0.6456315517425537,447.4908447265625,556.514404296875,734.121337890625,603.234619140625,6983.0
2025-07-28T22:09:38.065272,D:\Python\00雪橇打标\20250518\1567_20250518_001036.jpg,segmentation,dirt,0.0,0.6192821264266968,1032.649169921875,522.4132080078125,1108.298095703125,536.5826416015625,622.0
2025-07-28T22:09:38.065272,D:\Python\00雪橇打标\20250518\1567_20250518_001036.jpg,segmentation,dirt,0.0,0.2901308238506317,613.2613525390625,441.8169860839844,638.8419189453125,453.1416931152344,300.0
2025-07-28T22:09:38.065272,D:\Python\00雪橇打标\20250518\1567_20250518_001036.jpg,segmentation,dirt,0.0,0.2704298496246338,439.93707275390625,585.5565185546875,477.06390380859375,614.3253173828125,826.0
2025-07-28T22:09:38.080873,D:\Python\00雪橇打标\20250518\1572_20250518_013907.jpg,segmentation,dirt,0.0,0.744062066078186,527.2069091796875,557.9171142578125,691.8663330078125,582.1832275390625,2427.0
2025-07-28T22:09:38.080873,D:\Python\00雪橇打标\20250518\1572_20250518_013907.jpg,segmentation,dirt,0.0,0.4270164370536804,1128.054931640625,517.7302856445312,1165.100830078125,529.0801391601562,324.0
2025-07-28T22:09:38.080873,D:\Python\00雪橇打标\20250518\1584_20250518_002442.jpg,segmentation,dirt,0.0,0.7529265284538269,573.38525390625,455.1365966796875,594.99365234375,481.945068359375,355.0
2025-07-28T22:09:38.080873,D:\Python\00雪橇打标\20250518\1584_20250518_002442.jpg,segmentation,dirt,0.0,0.6469714641571045,1015.5982666015625,519.918212890625,1101.4581298828125,536.44091796875,766.0
2025-07-28T22:09:38.080873,D:\Python\00雪橇打标\20250518\1584_20250518_002442.jpg,segmentation,dirt,0.0,0.5981976389884949,1177.071533203125,515.85595703125,1195.556396484375,531.97607421875,195.0
2025-07-28T22:09:38.080873,D:\Python\00雪橇打标\20250518\1584_20250518_002442.jpg,segmentation,dirt,0.0,0.5420846939086914,438.1584777832031,418.2376708984375,505.0010681152344,456.9403076171875,1407.0
2025-07-28T22:09:38.080873,D:\Python\00雪橇打标\20250518\1584_20250518_002442.jpg,segmentation,dirt,0.0,0.48804062604904175,1123.673583984375,519.5781860351562,1151.150146484375,529.4716186523438,155.0
2025-07-28T22:09:38.080873,D:\Python\00雪橇打标\20250518\1584_20250518_002442.jpg,segmentation,dirt,0.0,0.4567566514015198,463.0112609863281,545.3726196289062,809.804443359375,597.0933227539062,6217.0
2025-07-28T22:09:38.080873,D:\Python\00雪橇打标\20250518\1584_20250518_002442.jpg,segmentation,dirt,0.0,0.4082942605018616,423.462646484375,551.5113525390625,447.6199951171875,573.1693115234375,323.0
2025-07-28T22:09:38.080873,D:\Python\00雪橇打标\20250518\1584_20250518_002442.jpg,segmentation,dirt,0.0,0.377858430147171,445.10247802734375,460.3446350097656,484.90179443359375,593.4088134765625,2800.0
2025-07-28T22:09:38.080873,D:\Python\00雪橇打标\20250518\1584_20250518_002442.jpg,segmentation,dirt,0.0,0.3489516079425812,518.2031860351562,459.8203125,541.1144409179688,472.5030517578125,260.0
2025-07-28T22:09:38.080873,D:\Python\00雪橇打标\20250518\1584_20250518_002442.jpg,segmentation,dirt,0.0,0.2870352864265442,438.51483154296875,418.4438781738281,479.96295166015625,455.1260681152344,1107.0
2025-07-28T22:09:38.080873,D:\Python\00雪橇打标\20250518\1584_20250518_002442.jpg,segmentation,dirt,0.0,0.28464391827583313,437.9176025390625,418.390869140625,465.9622802734375,454.1055908203125,837.0
2025-07-28T22:09:38.112586,D:\Python\00雪橇打标\20250518\1586_20250518_011659.jpg,segmentation,dirt,0.0,0.6760755777359009,560.535888671875,562.287353515625,700.298095703125,585.90771484375,1745.0
2025-07-28T22:09:38.112586,D:\Python\00雪橇打标\20250518\1586_20250518_011659.jpg,segmentation,dirt,0.0,0.5115374326705933,1049.546142578125,522.956298828125,1111.457763671875,533.302001953125,333.0
2025-07-28T22:09:38.112586,D:\Python\00雪橇打标\20250518\1586_20250518_011659.jpg,segmentation,dirt,0.0,0.433584064245224,1119.152099609375,523.5286865234375,1135.945068359375,532.7435302734375,102.0
2025-07-28T22:09:38.112586,D:\Python\00雪橇打标\20250518\1641_20250518_000443.jpg,segmentation,dirt,0.0,0.8453148603439331,526.784423828125,546.128662109375,692.5970458984375,588.4346923828125,5008.0
2025-07-28T22:09:38.112586,D:\Python\00雪橇打标\20250518\1641_20250518_000443.jpg,segmentation,dirt,0.0,0.5383778810501099,1096.43798828125,522.010009765625,1146.33837890625,533.54931640625,296.0
2025-07-28T22:09:38.112586,D:\Python\00雪橇打标\20250518\1641_20250518_000443.jpg,segmentation,dirt,0.0,0.4708111584186554,761.8670654296875,535.2392578125,941.268798828125,559.91845703125,1845.0
2025-07-28T22:09:38.128297,D:\Python\00雪橇打标\20250518\1663_20250518_000831.jpg,segmentation,dirt,0.0,0.5107171535491943,442.93231201171875,543.260009765625,807.1660766601562,593.641845703125,6699.0
2025-07-28T22:09:38.128297,D:\Python\00雪橇打标\20250518\1696_20250518_001931.jpg,segmentation,dirt,0.0,0.7482894062995911,527.8440551757812,557.324951171875,680.6404418945312,582.588134765625,2530.0
2025-07-28T22:09:38.128297,D:\Python\00雪橇打标\20250518\1696_20250518_001931.jpg,segmentation,dirt,0.0,0.676940381526947,427.78167724609375,437.30584716796875,453.63372802734375,532.5245971679688,1866.0
2025-07-28T22:09:38.128297,D:\Python\00雪橇打标\20250518\1696_20250518_001931.jpg,segmentation,dirt,0.0,0.6240493655204773,1055.162841796875,518.444091796875,1117.822021484375,532.61279296875,482.0
2025-07-28T22:09:38.128297,D:\Python\00雪橇打标\20250518\1696_20250518_001931.jpg,segmentation,dirt,0.0,0.5838968753814697,429.039794921875,435.9722900390625,455.09686279296875,510.212890625,1444.0
2025-07-28T22:09:38.128297,D:\Python\00雪橇打标\20250518\1696_20250518_001931.jpg,segmentation,dirt,0.0,0.35486337542533875,599.51806640625,457.5114440917969,620.8505859375,471.3511047363281,244.0
2025-07-28T22:09:38.143888,D:\Python\00雪橇打标\20250518\1703_20250518_003900.jpg,segmentation,dirt,0.0,0.37540289759635925,408.403076171875,517.748046875,448.4779052734375,564.83837890625,966.0
2025-07-28T22:09:38.143888,D:\Python\00雪橇打标\20250518\1703_20250518_003900.jpg,segmentation,dirt,0.0,0.33361566066741943,589.88427734375,490.0882568359375,603.00244140625,498.0306396484375,83.0
2025-07-28T22:09:38.143888,D:\Python\00雪橇打标\20250518\1703_20250518_003900.jpg,segmentation,dirt,0.0,0.32063883543014526,535.5836181640625,531.9010620117188,914.1746826171875,579.0375366210938,5433.0
2025-07-28T22:09:38.143888,D:\Python\00雪橇打标\20250518\1703_20250518_003900.jpg,segmentation,dirt,0.0,0.2717761695384979,456.0875244140625,436.86627197265625,504.080078125,514.6305541992188,1827.0
2025-07-28T22:09:38.143888,D:\Python\00雪橇打标\20250518\1737_20250518_011430.jpg,segmentation,dirt,0.0,0.7652413249015808,551.12451171875,458.08837890625,577.0478515625,489.084716796875,554.0
2025-07-28T22:09:38.143888,D:\Python\00雪橇打标\20250518\1737_20250518_011430.jpg,segmentation,dirt,0.0,0.7308598756790161,429.4217529296875,427.35870361328125,512.7052001953125,488.16961669921875,3192.0
2025-07-28T22:09:38.143888,D:\Python\00雪橇打标\20250518\1737_20250518_011430.jpg,segmentation,dirt,0.0,0.481048583984375,483.65924072265625,559.22802734375,834.8678588867188,612.277099609375,6577.0
2025-07-28T22:09:38.143888,D:\Python\00雪橇打标\20250518\1737_20250518_011430.jpg,segmentation,dirt,0.0,0.381612092256546,430.3575134277344,556.0343017578125,466.7245178222656,593.2020263671875,687.0
2025-07-28T22:09:38.143888,D:\Python\00雪橇打标\20250518\1737_20250518_011430.jpg,segmentation,dirt,0.0,0.34318307042121887,460.53466796875,314.36529541015625,504.2220458984375,360.7274169921875,1357.0
2025-07-28T22:09:38.143888,D:\Python\00雪橇打标\20250518\1737_20250518_011430.jpg,segmentation,dirt,0.0,0.27982744574546814,667.69921875,476.0174255371094,688.6380615234375,564.2156982421875,938.0
2025-07-28T22:09:38.159513,D:\Python\00雪橇打标\20250518\1739_20250518_014429.jpg,segmentation,dirt,0.0,0.8194711208343506,739.5505981445312,416.47314453125,762.6049194335938,444.2454833984375,465.0
2025-07-28T22:09:38.159513,D:\Python\00雪橇打标\20250518\1739_20250518_014429.jpg,segmentation,dirt,0.0,0.7416249513626099,464.11456298828125,552.052001953125,775.1627807617188,600.751953125,6523.0
2025-07-28T22:09:38.159513,D:\Python\00雪橇打标\20250518\1739_20250518_014429.jpg,segmentation,dirt,0.0,0.6702526807785034,1103.441650390625,521.3709716796875,1139.210693359375,536.9798583984375,339.0
2025-07-28T22:09:38.175166,D:\Python\00雪橇打标\20250518\1752_20250518_003117.jpg,segmentation,dirt,0.0,0.3376832604408264,428.6081848144531,439.59112548828125,499.2532653808594,468.276611328125,979.0
2025-07-28T22:09:38.175166,D:\Python\00雪橇打标\20250518\1775_20250518_002839.jpg,segmentation,dirt,0.0,0.7490460872650146,1042.5069580078125,521.2154541015625,1170.2728271484375,544.4908447265625,1940.0
2025-07-28T22:09:38.175166,D:\Python\00雪橇打标\20250518\1775_20250518_002839.jpg,segmentation,dirt,0.0,0.6347675323486328,471.4355163574219,566.6273193359375,708.0224609375,608.119140625,4587.0
2025-07-28T22:09:38.175166,D:\Python\00雪橇打标\20250518\1775_20250518_002839.jpg,segmentation,dirt,0.0,0.6140539646148682,461.6260986328125,311.431396484375,573.68603515625,345.531982421875,1252.0
2025-07-28T22:09:38.175166,D:\Python\00雪橇打标\20250518\1775_20250518_002839.jpg,segmentation,dirt,0.0,0.4268459975719452,501.4888916015625,466.38836669921875,540.776611328125,552.1952514648438,1337.0
2025-07-28T22:09:38.175166,D:\Python\00雪橇打标\20250518\1775_20250518_002839.jpg,segmentation,dirt,0.0,0.3877294957637787,430.3199157714844,557.8475952148438,470.1382141113281,595.5755004882812,710.0
2025-07-28T22:09:38.175166,D:\Python\00雪橇打标\20250518\1775_20250518_002839.jpg,segmentation,dirt,0.0,0.35618045926094055,508.19305419921875,481.2630310058594,540.5112915039062,550.1444091796875,1095.0
2025-07-28T22:09:38.175166,D:\Python\00雪橇打标\20250518\1775_20250518_002839.jpg,segmentation,dirt,0.0,0.28029587864875793,425.42333984375,424.32879638671875,810.85107421875,599.1437377929688,41574.0
2025-07-28T22:09:38.175166,D:\Python\00雪橇打标\20250518\1775_20250518_002839.jpg,segmentation,dirt,0.0,0.2802443504333496,429.64495849609375,424.15203857421875,469.78033447265625,458.20428466796875,1101.0
2025-07-28T22:09:38.193611,D:\Python\00雪橇打标\20250518\1787_20250518_011152.jpg,segmentation,dirt,0.0,0.5466421246528625,454.9945983886719,543.253173828125,822.234130859375,598.832275390625,7273.0
2025-07-28T22:09:38.193611,D:\Python\00雪橇打标\20250518\1787_20250518_011152.jpg,segmentation,dirt,0.0,0.5137717723846436,548.560546875,442.6744384765625,575.256103515625,452.405517578125,177.0
2025-07-28T22:09:38.193611,D:\Python\00雪橇打标\20250518\1787_20250518_011152.jpg,segmentation,dirt,0.0,0.43795639276504517,459.1061706542969,560.2567138671875,663.68115234375,600.4134521484375,3791.0
2025-07-28T22:09:38.193611,D:\Python\00雪橇打标\20250518\1787_20250518_011152.jpg,segmentation,dirt,0.0,0.34426677227020264,531.3596801757812,487.32891845703125,550.1614379882812,498.25653076171875,181.0
2025-07-28T22:09:38.193611,D:\Python\00雪橇打标\20250518\1787_20250518_011152.jpg,segmentation,dirt,0.0,0.29552993178367615,436.20941162109375,476.216552734375,447.37579345703125,529.158203125,421.0
2025-07-28T22:09:38.205641,D:\Python\00雪橇打标\20250518\1860_20250518_014017.jpg,segmentation,dirt,0.0,0.6856960654258728,456.8092956542969,547.6011962890625,838.009521484375,601.8961181640625,7370.0
2025-07-28T22:09:38.205641,D:\Python\00雪橇打标\20250518\1860_20250518_014017.jpg,segmentation,dirt,0.0,0.44496801495552063,449.5194091796875,535.4996948242188,931.7657470703125,602.9935913085938,8741.0
2025-07-28T22:09:38.205641,D:\Python\00雪橇打标\20250518\1860_20250518_014017.jpg,segmentation,dirt,0.0,0.40533843636512756,482.76953125,440.360107421875,505.049072265625,458.360107421875,286.0
2025-07-28T22:09:38.205641,D:\Python\00雪橇打标\20250518\1860_20250518_014017.jpg,segmentation,dirt,0.0,0.28123754262924194,461.811767578125,498.3802490234375,480.9205322265625,543.822509765625,771.0
2025-07-28T22:09:38.205641,D:\Python\00雪橇打标\20250518\1860_20250518_014017.jpg,segmentation,dirt,0.0,0.25702399015426636,1061.2335205078125,524.09033203125,1112.4447021484375,534.321533203125,255.0
2025-07-28T22:09:38.205641,D:\Python\00雪橇打标\20250518\1873_20250518_001541.jpg,segmentation,dirt,0.0,0.5108852386474609,471.4910888671875,545.7527465820312,828.4482421875,602.6117553710938,8051.0
2025-07-28T22:09:38.205641,D:\Python\00雪橇打标\20250518\1873_20250518_001541.jpg,segmentation,dirt,0.0,0.4883648455142975,427.63818359375,546.9885864257812,478.1453857421875,601.4558715820312,768.0
2025-07-28T22:09:38.205641,D:\Python\00雪橇打标\20250518\1873_20250518_001541.jpg,segmentation,dirt,0.0,0.4601750373840332,463.10986328125,538.4557495117188,911.760498046875,603.1746215820312,9450.0
2025-07-28T22:09:38.205641,D:\Python\00雪橇打标\20250518\1874_20250518_004411.jpg,segmentation,dirt,0.0,0.5336960554122925,468.4111022949219,548.672119140625,824.166015625,599.290283203125,6193.0
2025-07-28T22:09:38.205641,D:\Python\00雪橇打标\20250518\1874_20250518_004411.jpg,segmentation,dirt,0.0,0.32252249121665955,463.3291320800781,537.356201171875,920.9169921875,600.9168701171875,7591.0
2025-07-28T22:09:38.219195,D:\Python\00雪橇打标\20250518\1903_20250518_005823.jpg,segmentation,dirt,0.0,0.7202488780021667,588.6910400390625,558.9027709960938,654.9915771484375,581.4067993164062,884.0
2025-07-28T22:09:38.219195,D:\Python\00雪橇打标\20250518\1903_20250518_005823.jpg,segmentation,dirt,0.0,0.4739841818809509,460.77105712890625,457.66455078125,481.2745361328125,474.607666015625,325.0
2025-07-28T22:09:38.219195,D:\Python\00雪橇打标\20250518\1923_20250518_005628.jpg,segmentation,dirt,0.0,0.6607258915901184,427.571044921875,407.71197509765625,478.6397705078125,462.5360107421875,1808.0
2025-07-28T22:09:38.219195,D:\Python\00雪橇打标\20250518\1923_20250518_005628.jpg,segmentation,dirt,0.0,0.6437666416168213,499.15374755859375,503.5762939453125,511.83953857421875,522.8206787109375,188.0
2025-07-28T22:09:38.219195,D:\Python\00雪橇打标\20250518\1923_20250518_005628.jpg,segmentation,dirt,0.0,0.3375564217567444,431.8481140136719,518.6748046875,443.8645324707031,545.726806640625,275.0
2025-07-28T22:09:38.219195,D:\Python\00雪橇打标\20250518\1923_20250518_005628.jpg,segmentation,dirt,0.0,0.30184754729270935,641.046875,543.6480712890625,934.50439453125,581.0631103515625,3768.0
2025-07-28T22:09:38.219195,D:\Python\00雪橇打标\20250518\1958_20250518_011847.jpg,segmentation,dirt,0.0,0.4074256122112274,511.23443603515625,571.2347412109375,556.5492553710938,582.7752685546875,448.0
2025-07-28T22:09:38.219195,D:\Python\00雪橇打标\20250518\1971_20250518_003616.jpg,segmentation,dirt,0.0,0.7668961882591248,429.6164855957031,422.98114013671875,466.1343078613281,466.56634521484375,1215.0
2025-07-28T22:09:38.219195,D:\Python\00雪橇打标\20250518\1971_20250518_003616.jpg,segmentation,dirt,0.0,0.6419685482978821,446.04266357421875,482.8150634765625,471.74359130859375,512.4698486328125,611.0
2025-07-28T22:09:38.219195,D:\Python\00雪橇打标\20250518\1971_20250518_003616.jpg,segmentation,dirt,0.0,0.5567821264266968,561.1434326171875,445.6578063964844,579.486083984375,457.7418518066406,185.0
2025-07-28T22:09:38.219195,D:\Python\00雪橇打标\20250518\1971_20250518_003616.jpg,segmentation,dirt,0.0,0.4846290946006775,430.6026306152344,539.63134765625,829.3692626953125,591.9364013671875,7519.0
2025-07-28T22:09:38.219195,D:\Python\00雪橇打标\20250518\1971_20250518_003616.jpg,segmentation,dirt,0.0,0.3097377419471741,449.1358642578125,547.560791015625,773.770751953125,591.83251953125,5788.0
2025-07-28T22:09:38.219195,D:\Python\00雪橇打标\20250518\1971_20250518_003616.jpg,segmentation,dirt,0.0,0.30517151951789856,434.976806640625,531.54345703125,935.4791259765625,595.2244873046875,8905.0
2025-07-28T22:09:38.234882,D:\Python\00雪橇打标\20250518\1978_20250518_005723.jpg,segmentation,dirt,0.0,0.812893271446228,553.944091796875,557.308349609375,706.697021484375,591.20068359375,3683.0
2025-07-28T22:09:38.234882,D:\Python\00雪橇打标\20250518\1978_20250518_005723.jpg,segmentation,dirt,0.0,0.26238611340522766,1049.80029296875,521.2576904296875,1108.4423828125,533.259765625,319.0
2025-07-28T22:09:38.234882,D:\Python\00雪橇打标\20250518\1980_20250518_001244.jpg,segmentation,dirt,0.0,0.8037683367729187,542.66748046875,561.2354736328125,703.54931640625,591.1929931640625,2661.0
2025-07-28T22:09:38.234882,D:\Python\00雪橇打标\20250518\1980_20250518_001244.jpg,segmentation,dirt,0.0,0.47466760873794556,473.87005615234375,467.109619140625,495.36083984375,572.980224609375,1884.0
2025-07-28T22:09:38.234882,D:\Python\00雪橇打标\20250518\1980_20250518_001244.jpg,segmentation,dirt,0.0,0.25862637162208557,763.747802734375,535.900634765625,948.4638671875,559.171630859375,1791.0
2025-07-28T22:09:38.234882,D:\Python\00雪橇打标\20250518\2003_20250518_010524.jpg,segmentation,,,,,,,,
2025-07-28T22:09:38.234882,D:\Python\00雪橇打标\20250518\2012_20250518_004708.jpg,segmentation,dirt,0.0,0.5824264883995056,1105.53759765625,517.3544311523438,1136.2861328125,533.4755249023438,355.0
2025-07-28T22:09:38.234882,D:\Python\00雪橇打标\20250518\2012_20250518_004708.jpg,segmentation,dirt,0.0,0.4057908356189728,451.22119140625,541.7117309570312,813.7999267578125,588.1211547851562,6020.0
2025-07-28T22:09:38.234882,D:\Python\00雪橇打标\20250518\2012_20250518_004708.jpg,segmentation,dirt,0.0,0.3246048390865326,458.3433532714844,550.7452392578125,749.4818115234375,589.2200927734375,4352.0
2025-07-28T22:09:38.234882,D:\Python\00雪橇打标\20250518\2012_20250518_004708.jpg,segmentation,dirt,0.0,0.27994492650032043,436.2874755859375,551.2651977539062,476.40771484375,591.9238891601562,536.0
2025-07-28T22:09:38.250513,D:\Python\00雪橇打标\20250518\2031_20250518_004157.jpg,segmentation,dirt,0.0,0.6102838516235352,505.1753845214844,557.7203369140625,705.8135986328125,584.4398193359375,2387.0
2025-07-28T22:09:38.250513,D:\Python\00雪橇打标\20250518\2058_20250518_000333.jpg,segmentation,dirt,0.0,0.8483620882034302,517.4725341796875,497.4556884765625,545.0753173828125,536.8470458984375,926.0
2025-07-28T22:09:38.250513,D:\Python\00雪橇打标\20250518\2058_20250518_000333.jpg,segmentation,dirt,0.0,0.7778887748718262,413.2524719238281,415.7655029296875,496.8627014160156,488.09521484375,4277.0
2025-07-28T22:09:38.250513,D:\Python\00雪橇打标\20250518\2058_20250518_000333.jpg,segmentation,dirt,0.0,0.7442484498023987,565.5771484375,355.7480773925781,611.93408203125,389.5285339355469,1286.0
2025-07-28T22:09:38.250513,D:\Python\00雪橇打标\20250518\2058_20250518_000333.jpg,segmentation,dirt,0.0,0.7107998132705688,595.1278686523438,449.48040771484375,628.7435913085938,498.0279541015625,1174.0
2025-07-28T22:09:38.250513,D:\Python\00雪橇打标\20250518\2058_20250518_000333.jpg,segmentation,dirt,0.0,0.6027839779853821,464.001220703125,571.4420166015625,622.967529296875,603.8031005859375,2876.0
2025-07-28T22:09:38.250513,D:\Python\00雪橇打标\20250518\2058_20250518_000333.jpg,segmentation,dirt,0.0,0.42715010046958923,609.980712890625,503.84710693359375,637.03369140625,561.9389038085938,1103.0
2025-07-28T22:09:38.250513,D:\Python\00雪橇打标\20250518\2058_20250518_000333.jpg,segmentation,dirt,0.0,0.3429427146911621,445.95989990234375,497.76922607421875,475.08453369140625,595.3483276367188,2375.0
2025-07-28T22:09:38.250513,D:\Python\00雪橇打标\20250518\2058_20250518_000333.jpg,segmentation,dirt,0.0,0.33427730202674866,455.0387268066406,398.23797607421875,509.3265686035156,424.40167236328125,939.0
2025-07-28T22:09:38.250513,D:\Python\00雪橇打标\20250518\2058_20250518_000333.jpg,segmentation,dirt,0.0,0.3200973570346832,443.638427734375,318.080322265625,560.1395263671875,349.32525634765625,1456.0
2025-07-28T22:09:38.250513,D:\Python\00雪橇打标\20250518\2062_20250518_014107.jpg,segmentation,dirt,0.0,0.8646034002304077,465.282958984375,556.458984375,700.2642822265625,596.7376708984375,5068.0
2025-07-28T22:09:38.250513,D:\Python\00雪橇打标\20250518\2062_20250518_014107.jpg,segmentation,dirt,0.0,0.43491330742836,1133.7158203125,519.734130859375,1156.47607421875,528.972900390625,104.0
2025-07-28T22:09:38.250513,D:\Python\00雪橇打标\20250518\2062_20250518_014107.jpg,segmentation,dirt,0.0,0.35763609409332275,1048.95654296875,524.4715576171875,1095.900390625,534.4090576171875,238.0
2025-07-28T22:09:38.268477,D:\Python\00雪橇打标\20250518\2084_20250518_000036.jpg,segmentation,dirt,0.0,0.6985530853271484,592.6109619140625,553.7448120117188,686.0687255859375,574.0457153320312,1190.0
2025-07-28T22:09:38.269508,D:\Python\00雪橇打标\20250518\2094_20250518_014245.jpg,segmentation,dirt,0.0,0.510574460029602,452.50433349609375,463.3624267578125,472.26776123046875,567.32958984375,1443.0
2025-07-28T22:09:38.269508,D:\Python\00雪橇打标\20250518\2094_20250518_014245.jpg,segmentation,dirt,0.0,0.28815555572509766,478.645751953125,560.8613891601562,628.1572265625,582.5756225585938,837.0
2025-07-28T22:09:38.272617,D:\Python\00雪橇打标\20250518\2099_20250518_003703.jpg,segmentation,dirt,0.0,0.8194067478179932,502.3357238769531,450.2628479003906,531.5390625,475.7330017089844,596.0
2025-07-28T22:09:38.272617,D:\Python\00雪橇打标\20250518\2099_20250518_003703.jpg,segmentation,dirt,0.0,0.5023589730262756,456.934326171875,555.408935546875,736.497802734375,600.97119140625,4889.0
2025-07-28T22:09:38.272617,D:\Python\00雪橇打标\20250518\2099_20250518_003703.jpg,segmentation,dirt,0.0,0.42385321855545044,1048.381103515625,522.6478271484375,1083.453857421875,532.2862548828125,213.0
2025-07-28T22:09:38.272617,D:\Python\00雪橇打标\20250518\2099_20250518_003703.jpg,segmentation,dirt,0.0,0.37262478470802307,451.3574523925781,454.415283203125,472.6457214355469,575.6356201171875,1865.0
2025-07-28T22:09:38.272617,D:\Python\00雪橇打标\20250518\2099_20250518_003703.jpg,segmentation,dirt,0.0,0.28484973311424255,555.5047607421875,514.8977661132812,574.7471923828125,558.3860473632812,474.0
2025-07-28T22:09:38.279441,D:\Python\00雪橇打标\20250518\2118_20250518_000209.jpg,segmentation,dirt,0.0,0.6790826320648193,418.7394714355469,418.6946105957031,487.1703796386719,481.7785339355469,2547.0
2025-07-28T22:09:38.279441,D:\Python\00雪橇打标\20250518\2118_20250518_000209.jpg,segmentation,dirt,0.0,0.6489521861076355,1022.0069580078125,521.5877685546875,1112.4681396484375,536.1571044921875,669.0
2025-07-28T22:09:38.279441,D:\Python\00雪橇打标\20250518\2118_20250518_000209.jpg,segmentation,dirt,0.0,0.38991376757621765,458.8992919921875,317.51544189453125,558.7767333984375,350.92559814453125,1315.0
2025-07-28T22:09:38.279441,D:\Python\00雪橇打标\20250518\2118_20250518_000209.jpg,segmentation,dirt,0.0,0.38852983713150024,411.4019470214844,526.3381958007812,449.0077819824219,565.8839721679688,746.0
2025-07-28T22:09:38.279441,D:\Python\00雪橇打标\20250518\2118_20250518_000209.jpg,segmentation,dirt,0.0,0.30087387561798096,581.4425659179688,546.6842041015625,803.4874877929688,577.1947021484375,3096.0
2025-07-28T22:09:38.279441,D:\Python\00雪橇打标\20250518\2118_20250518_000209.jpg,segmentation,dirt,0.0,0.2731921970844269,446.4859619140625,489.2484130859375,487.290283203125,589.3756103515625,2220.0
2025-07-28T22:09:38.284058,D:\Python\00雪橇打标\20250518\2124_20250518_010057.jpg,segmentation,dirt,0.0,0.6133356690406799,1111.281982421875,514.8617553710938,1146.859130859375,530.5452270507812,350.0
2025-07-28T22:09:38.284058,D:\Python\00雪橇打标\20250518\2124_20250518_010057.jpg,segmentation,dirt,0.0,0.5862101316452026,1040.15234375,519.5383911132812,1099.49072265625,530.9846801757812,326.0
2025-07-28T22:09:38.284058,D:\Python\00雪橇打标\20250518\2124_20250518_010057.jpg,segmentation,dirt,0.0,0.3164731562137604,628.5238647460938,446.26373291015625,643.9815063476562,452.74029541015625,62.0
2025-07-28T22:09:38.284058,D:\Python\00雪橇打标\20250518\2128_20250518_011316.jpg,segmentation,dirt,0.0,0.4524010717868805,456.6037292480469,311.60552978515625,483.9803161621094,323.71844482421875,210.0
2025-07-28T22:09:38.284058,D:\Python\00雪橇打标\20250518\2128_20250518_011316.jpg,segmentation,dirt,0.0,0.43207743763923645,640.7151489257812,533.8857421875,965.2257690429688,575.78076171875,4037.0
2025-07-28T22:09:38.284058,D:\Python\00雪橇打标\20250518\2128_20250518_011316.jpg,segmentation,dirt,0.0,0.4302319884300232,448.6165771484375,346.7271728515625,552.2470092773438,381.130615234375,780.0
2025-07-28T22:09:38.284058,D:\Python\00雪橇打标\20250518\2128_20250518_011316.jpg,segmentation,dirt,0.0,0.32910433411598206,423.2657470703125,537.4053344726562,632.1319580078125,590.8449096679688,3025.0
2025-07-28T22:09:38.284058,D:\Python\00雪橇打标\20250518\2128_20250518_011316.jpg,segmentation,dirt,0.0,0.29706647992134094,640.143798828125,539.89453125,883.85302734375,572.322509765625,2991.0
2025-07-28T22:09:38.297617,D:\Python\00雪橇打标\20250518\2137_20250518_011932.jpg,segmentation,dirt,0.0,0.7450779676437378,529.0164794921875,450.754638671875,552.6588134765625,472.514892578125,428.0
2025-07-28T22:09:38.297617,D:\Python\00雪橇打标\20250518\2137_20250518_011932.jpg,segmentation,dirt,0.0,0.7427588105201721,449.6839599609375,452.5627136230469,483.3321533203125,475.0447692871094,728.0
2025-07-28T22:09:38.297617,D:\Python\00雪橇打标\20250518\2137_20250518_011932.jpg,segmentation,dirt,0.0,0.4378913342952728,444.06964111328125,312.1225280761719,482.6995849609375,329.6548156738281,476.0
2025-07-28T22:09:38.297617,D:\Python\00雪橇打标\20250518\2137_20250518_011932.jpg,segmentation,dirt,0.0,0.41701704263687134,445.77587890625,312.846923828125,557.9736328125,353.7960205078125,1728.0
2025-07-28T22:09:38.297617,D:\Python\00雪橇打标\20250518\2137_20250518_011932.jpg,segmentation,dirt,0.0,0.41223281621932983,407.43817138671875,525.0230712890625,444.46795654296875,564.7464599609375,845.0
2025-07-28T22:09:38.297617,D:\Python\00雪橇打标\20250518\2137_20250518_011932.jpg,segmentation,dirt,0.0,0.30702540278434753,441.35345458984375,478.36639404296875,472.65533447265625,587.2926635742188,1987.0
2025-07-28T22:09:38.297617,D:\Python\00雪橇打标\20250518\2137_20250518_011932.jpg,segmentation,dirt,0.0,0.2794150412082672,415.370849609375,433.1023864746094,453.481201171875,455.3044128417969,732.0
2025-07-28T22:09:38.305631,D:\Python\00雪橇打标\20250518\2171_20250518_004847.jpg,segmentation,dirt,0.0,0.5592048764228821,450.4247131347656,547.5703735351562,705.3897705078125,579.2088012695312,4411.0
2025-07-28T22:09:38.305631,D:\Python\00雪橇打标\20250518\2171_20250518_004847.jpg,segmentation,dirt,0.0,0.3859488070011139,442.47747802734375,443.2960510253906,481.08111572265625,576.3441162109375,3459.0
2025-07-28T22:09:38.305631,D:\Python\00雪橇打标\20250518\2171_20250518_004847.jpg,segmentation,dirt,0.0,0.31592509150505066,411.95977783203125,428.9070129394531,435.5135498046875,443.6631164550781,261.0
2025-07-28T22:09:38.305631,D:\Python\00雪橇打标\20250518\2171_20250518_004847.jpg,segmentation,dirt,0.0,0.2683125138282776,407.49652099609375,528.0989990234375,445.42376708984375,571.2864990234375,709.0
2025-07-28T22:09:38.305631,D:\Python\00雪橇打标\20250518\2190_20250518_000738.jpg,segmentation,dirt,0.0,0.8278310894966125,637.6278076171875,527.868896484375,733.9383544921875,568.8582763671875,2668.0
2025-07-28T22:09:38.305631,D:\Python\00雪橇打标\20250518\2190_20250518_000738.jpg,segmentation,dirt,0.0,0.7537111043930054,397.1495361328125,407.79962158203125,486.48663330078125,573.5955200195312,10911.0
2025-07-28T22:09:38.305631,D:\Python\00雪橇打标\20250518\2190_20250518_000738.jpg,segmentation,dirt,0.0,0.6391822099685669,402.29498291015625,411.8491516113281,786.8060913085938,586.784423828125,47413.0
2025-07-28T22:09:38.305631,D:\Python\00雪橇打标\20250518\2190_20250518_000738.jpg,segmentation,dirt,0.0,0.5648967027664185,820.0623168945312,425.00433349609375,835.2617797851562,440.15924072265625,184.0
2025-07-28T22:09:38.305631,D:\Python\00雪橇打标\20250518\2190_20250518_000738.jpg,segmentation,dirt,0.0,0.5613729357719421,475.41455078125,453.4898681640625,534.2115478515625,497.302001953125,2267.0
2025-07-28T22:09:38.305631,D:\Python\00雪橇打标\20250518\2190_20250518_000738.jpg,segmentation,dirt,0.0,0.5418652892112732,550.058837890625,422.81787109375,645.671630859375,450.834716796875,1850.0
2025-07-28T22:09:38.305631,D:\Python\00雪橇打标\20250518\2190_20250518_000738.jpg,segmentation,dirt,0.0,0.520870566368103,426.3497009277344,440.01202392578125,761.9678955078125,497.43231201171875,12649.0
2025-07-28T22:09:38.305631,D:\Python\00雪橇打标\20250518\2190_20250518_000738.jpg,segmentation,dirt,0.0,0.294880747795105,448.0576477050781,348.99365234375,473.6960144042969,374.64312744140625,519.0
2025-07-28T22:09:38.313648,D:\Python\00雪橇打标\20250518\2318_20250518_003202.jpg,segmentation,dirt,0.0,0.3893550634384155,634.9239501953125,407.96234130859375,667.6409912109375,434.68438720703125,754.0
2025-07-28T22:09:38.313648,D:\Python\00雪橇打标\20250518\2318_20250518_003202.jpg,segmentation,dirt,0.0,0.25232091546058655,609.9572143554688,389.47943115234375,635.6187133789062,409.0428466796875,396.0
2025-07-28T22:09:38.313648,D:\Python\00雪橇打标\20250518\2322_20250518_003531.jpg,segmentation,dirt,0.0,0.7745541334152222,593.4119873046875,519.5311279296875,632.990478515625,571.9913330078125,994.0
2025-07-28T22:09:38.313648,D:\Python\00雪橇打标\20250518\2322_20250518_003531.jpg,segmentation,dirt,0.0,0.7187733054161072,456.6368103027344,437.3194580078125,505.8827819824219,516.1873779296875,3228.0
2025-07-28T22:09:38.313648,D:\Python\00雪橇打标\20250518\2322_20250518_003531.jpg,segmentation,dirt,0.0,0.6777650117874146,432.2867431640625,435.81036376953125,506.54296875,515.3920288085938,4029.0
2025-07-28T22:09:38.313648,D:\Python\00雪橇打标\20250518\2322_20250518_003531.jpg,segmentation,dirt,0.0,0.5763545632362366,488.8474426269531,540.865966796875,929.703857421875,608.927734375,8646.0
2025-07-28T22:09:38.313648,D:\Python\00雪橇打标\20250518\2322_20250518_003531.jpg,segmentation,dirt,0.0,0.4712585210800171,575.035888671875,361.3977966308594,598.36669921875,385.7342224121094,470.0
2025-07-28T22:09:38.313648,D:\Python\00雪橇打标\20250518\2322_20250518_003531.jpg,segmentation,dirt,0.0,0.4219842553138733,1150.8671875,523.611328125,1174.587890625,533.95361328125,184.0
2025-07-28T22:09:38.313648,D:\Python\00雪橇打标\20250518\2322_20250518_003531.jpg,segmentation,dirt,0.0,0.3531745970249176,458.3936462402344,325.28460693359375,597.0084228515625,393.10003662109375,5563.0
2025-07-28T22:09:38.313648,D:\Python\00雪橇打标\20250518\2322_20250518_003531.jpg,segmentation,dirt,0.0,0.31441596150398254,469.62237548828125,517.350341796875,496.38262939453125,599.0595703125,1625.0
2025-07-28T22:09:38.329291,D:\Python\00雪橇打标\20250518\2331_20250518_005457.jpg,segmentation,dirt,0.0,0.8617226481437683,423.140380859375,432.01007080078125,484.9775390625,479.340576171875,2191.0
2025-07-28T22:09:38.329291,D:\Python\00雪橇打标\20250518\2331_20250518_005457.jpg,segmentation,dirt,0.0,0.8002971410751343,587.8965454101562,462.30340576171875,619.1923217773438,492.74932861328125,748.0
2025-07-28T22:09:38.329291,D:\Python\00雪橇打标\20250518\2331_20250518_005457.jpg,segmentation,dirt,0.0,0.48366832733154297,636.033447265625,433.927734375,667.428955078125,443.9698486328125,238.0
2025-07-28T22:09:38.329291,D:\Python\00雪橇打标\20250518\2331_20250518_005457.jpg,segmentation,dirt,0.0,0.451910138130188,418.421875,530.2789306640625,462.0853271484375,579.6427001953125,1220.0
2025-07-28T22:09:38.329291,D:\Python\00雪橇打标\20250518\2331_20250518_005457.jpg,segmentation,dirt,0.0,0.3626215159893036,472.2235107421875,478.26605224609375,542.0697021484375,499.11859130859375,1316.0
2025-07-28T22:09:38.329291,D:\Python\00雪橇打标\20250518\2331_20250518_005457.jpg,segmentation,dirt,0.0,0.36002442240715027,474.46917724609375,587.231689453125,520.2492065429688,606.4150390625,636.0
2025-07-28T22:09:38.329291,D:\Python\00雪橇打标\20250518\2351_20250518_001431.jpg,segmentation,,,,,,,,
2025-07-28T22:09:38.329291,D:\Python\00雪橇打标\20250518\2357_20250518_002652.jpg,segmentation,dirt,0.0,0.8278211355209351,523.787109375,560.8817749023438,695.7978515625,590.1576538085938,3056.0
2025-07-28T22:09:38.329291,D:\Python\00雪橇打标\20250518\2357_20250518_002652.jpg,segmentation,dirt,0.0,0.3796187937259674,857.9547119140625,442.7601013183594,874.1795654296875,453.2838439941406,114.0
2025-07-28T22:09:38.329291,D:\Python\00雪橇打标\20250518\2357_20250518_002652.jpg,segmentation,dirt,0.0,0.3734850287437439,475.4910888671875,480.7044677734375,528.208251953125,500.7835693359375,819.0
2025-07-28T22:09:38.344917,D:\Python\00雪橇打标\20250518\2370_20250518_000916.jpg,segmentation,dirt,0.0,0.8601480722427368,408.3334045410156,424.3180847167969,820.6390380859375,593.27392578125,44101.0
2025-07-28T22:09:38.344917,D:\Python\00雪橇打标\20250518\2370_20250518_000916.jpg,segmentation,dirt,0.0,0.5665869116783142,546.764892578125,436.27288818359375,592.267578125,451.47796630859375,610.0
2025-07-28T22:09:38.344917,D:\Python\00雪橇打标\20250518\2370_20250518_000916.jpg,segmentation,dirt,0.0,0.5397287607192993,409.46466064453125,424.94683837890625,511.62249755859375,596.7400512695312,11137.0
2025-07-28T22:09:38.344917,D:\Python\00雪橇打标\20250518\2370_20250518_000916.jpg,segmentation,dirt,0.0,0.47682344913482666,445.31146240234375,347.172119140625,467.60650634765625,382.5909423828125,692.0
2025-07-28T22:09:38.344917,D:\Python\00雪橇打标\20250518\2393_20250518_011523.jpg,segmentation,dirt,0.0,0.8623607158660889,425.45001220703125,417.478759765625,486.88623046875,468.1300048828125,2159.0
2025-07-28T22:09:38.344917,D:\Python\00雪橇打标\20250518\2393_20250518_011523.jpg,segmentation,dirt,0.0,0.7622604370117188,442.486083984375,551.35498046875,736.085693359375,603.388671875,5785.0
2025-07-28T22:09:38.344917,D:\Python\00雪橇打标\20250518\2393_20250518_011523.jpg,segmentation,dirt,0.0,0.5195710062980652,1055.455322265625,524.3702392578125,1112.802001953125,535.9359130859375,271.0
2025-07-28T22:09:38.344917,D:\Python\00雪橇打标\20250518\2393_20250518_011523.jpg,segmentation,dirt,0.0,0.41092103719711304,586.9169921875,445.822021484375,602.37548828125,454.886474609375,113.0
2025-07-28T22:09:38.344917,D:\Python\00雪橇打标\20250518\2393_20250518_011523.jpg,segmentation,dirt,0.0,0.39074334502220154,1144.2086181640625,521.3118896484375,1168.2493896484375,529.3951416015625,90.0
2025-07-28T22:09:38.344917,D:\Python\00雪橇打标\20250518\2393_20250518_011523.jpg,segmentation,dirt,0.0,0.2711775302886963,476.227294921875,478.487548828125,530.9890747070312,499.725830078125,918.0
